"","plot","Date","cluster","tag","species","status","alive_class","dead_class","slc","canker","dbh","lide_lf_symp","sod_dead","location","notes","year"
"1","FOP04","4/8/2014 0:00:00",12,"173","UMCA","Alive",1,NA,20,0,41.7,0,0,"In","HC",2014
"2","FOP04","4/8/2014 0:00:00",8,"209","UMCA","Alive",1,NA,64,0,35.6,0,0,"In","",2014
"3","FOP04","4/8/2014 0:00:00",18,"4833","UMCA","Alive",1,NA,30,0,3.5,0,0,"Out","",2014
"4","FOP04","4/8/2014 0:00:00",17,"4486","UMCA","Alive",1,NA,17,0,29.4,0,0,"In","HC",2014
"5","FOP04","4/8/2014 0:00:00",16,"4487","UMCA","Alive",1,NA,5,0,26,0,0,"Out","",2014
"6","FOP04","4/8/2014 0:00:00",15,"4411","UMCA","Alive",1,NA,12,0,30.6,0,0,"Out","rooted well out of plot, growing horizontal",2014
"7","FOP04","4/8/2014 0:00:00",14,"4409","UMCA","Alive",1,NA,11,0,33.7,0,0,"In","HC",2014
"8","FOP04","4/8/2014 0:00:00",13,"175","UMCA","Alive",1,NA,20,0,21.4,0,0,"In","HC",2014
"9","FOP04","4/8/2014 0:00:00",12,"4485","UMCA","Alive",1,NA,1,0,41.1,0,0,"In","HC",2014
"10","FOP04","4/8/2014 0:00:00",12,"178","UMCA","Alive",1,NA,0,0,32.5,0,0,"In","HC",2014
"11","FOP04","4/8/2014 0:00:00",19,"4834","UMCA","Alive",1,NA,32,0,17.4,0,0,"Out","",2014
"12","FOP04","4/8/2014 0:00:00",5,"174","UMCA","Alive",1,NA,20,0,10.5,0,0,"In","",2014
"13","FOP04","4/8/2014 0:00:00",2,"184","UMCA","Alive",1,NA,58,0,17,0,0,"In","",2014
"14","FOP04","4/8/2014 0:00:00",2,"202","UMCA","Alive",1,NA,74,0,25,0,0,"In","one low branch",2014
"15","FOP04","4/8/2014 0:00:00",9,"168","UMCA","Alive",1,NA,12,0,18.9,0,0,"In","HC",2014
"16","FOP04","4/8/2014 0:00:00",11,"172","UMCA","Alive",1,NA,25,0,27,0,0,"Out","",2014
"17","FOP04","4/8/2014 0:00:00",1,"182","UMCA","Alive",1,NA,25,0,16.8,0,0,"Out","HC",2014
"18","FOP04","4/8/2014 0:00:00",4,"211","UMCA","Alive",1,NA,12,0,18.3,0,0,"Out","",2014
"19","FOP04","4/8/2014 0:00:00",6,"176","UMCA","Alive",1,NA,38,0,25.6,0,0,"Out","",2014
"20","FOP04","4/8/2014 0:00:00",7,"169","UMCA","Alive",1,NA,27,0,27.5,0,0,"Out","",2014
"21","FOP04","4/8/2014 0:00:00",8,"4484","UMCA","Alive",1,NA,16,0,39.8,0,0,"In","HC",2014
"22","FOP04","4/8/2014 0:00:00",9,"4483","UMCA","Alive",1,NA,2,0,36.2,0,0,"In","HC",2014
"23","FOP04","4/8/2014 0:00:00",10,"177","UMCA","Alive",1,NA,16,0,19.5,0,0,"Out","",2014
"24","FOP04","4/8/2014 0:00:00",3,"213","UMCA","Alive",1,NA,30,0,10.9,0,0,"In","",2014
"25","FOP324","4/7/2014 0:00:00",18,"4022","UMCA","Alive",1,NA,19,0,8.4,0,0,"In","HC",2014
"26","FOP324","4/7/2014 0:00:00",16,"161","UMCA","Alive",1,NA,7,0,17,0,0,"In","HC",2014
"27","FOP324","4/7/2014 0:00:00",16,"166","UMCA","X- Stem Missing",NA,NA,NA,0,NA,0,0,"In","",2014
"28","FOP324","4/7/2014 0:00:00",17,"151","UMCA","X- Stem Missing",NA,NA,NA,0,NA,0,0,"In","believed removed by PG&E",2014
"29","FOP324","4/7/2014 0:00:00",17,"4023","UMCA","X- Stem Missing",NA,NA,NA,0,NA,0,0,"In","believed removed by PG&E",2014
"30","FOP324","4/7/2014 0:00:00",18,"158","UMCA","Alive",1,NA,67,0,17.6,0,0,"In","",2014
"31","FOP324","4/7/2014 0:00:00",18,"159","UMCA","Alive",1,NA,26,0,16.6,0,0,"In","HC",2014
"32","FOP324","4/7/2014 0:00:00",18,"164","UMCA","Alive",1,NA,50,0,18.2,0,0,"In","",2014
"33","FOP324","4/7/2014 0:00:00",20,"4024","UMCA","Alive",1,NA,26,0,2,0,0,"In","",2014
"34","FOP324","4/7/2014 0:00:00",18,"4021","UMCA","Alive",2,NA,7,0,16.3,0,0,"In","HC",2014
"35","FOP324","4/7/2014 0:00:00",19,"157","UMCA","Alive",1,NA,37,0,20.3,0,0,"Out","",2014
"36","FOP324","4/7/2014 0:00:00",16,"156","UMCA","Alive",1,NA,9,0,16,0,0,"In","HC",2014
"37","FOP324","4/7/2014 0:00:00",17,"150","UMCA","Alive",1,NA,18,0,18.5,0,0,"In","",2014
"38","FOP324","4/7/2014 0:00:00",18,"167","UMCA","Alive",1,NA,14,0,15.8,0,0,"In","HC",2014
"39","FOP324","4/7/2014 0:00:00",15,"149","UMCA","Alive",1,NA,75,0,20.2,0,0,"In","",2014
"40","FOP324","4/7/2014 0:00:00",17,"155","UMCA","X- Stem Missing",NA,NA,NA,0,NA,0,0,"In","believed removed by PG&E",2014
"41","FOP324","4/7/2014 0:00:00",12,"148","UMCA","Alive",1,NA,55,0,20.5,0,0,"In","",2014
"42","FOP324","4/7/2014 0:00:00",9,"144","UMCA","Alive",1,NA,36,0,11.7,0,0,"In","",2014
"43","FOP324","4/7/2014 0:00:00",11,"139","UMCA","Alive",1,NA,17,0,11.6,0,0,"Out","",2014
"44","FOP324","4/7/2014 0:00:00",9,"143","UMCA","Alive",1,NA,27,0,12.9,0,0,"In","",2014
"45","FOP324","4/7/2014 0:00:00",10,"135","UMCA","Alive",1,NA,46,0,27.6,0,0,"Out","",2014
"46","FOP324","4/7/2014 0:00:00",12,"146","UMCA","Alive",1,NA,11,0,47.5,0,0,"In","HC",2014
"47","FOP324","4/7/2014 0:00:00",14,"147","UMCA","X- Stem Missing",NA,NA,NA,0,NA,0,0,"In","missing since 2010",2014
"48","FOP324","4/7/2014 0:00:00",13,"133","UMCA","Alive",1,NA,12,0,19.5,0,0,"In","HC",2014
"49","FOP324","4/7/2014 0:00:00",5,"136","UMCA","Alive",1,NA,47,0,10.5,0,0,"Out","",2014
"50","FOP324","4/7/2014 0:00:00",9,"138","UMCA","Alive",1,NA,17,0,16.5,0,0,"In","HC",2014
"51","FOP324","4/7/2014 0:00:00",13,"2891","UMCA","Alive",1,NA,31,0,11,0,0,"In","",2014
"52","FOP324","4/7/2014 0:00:00",2,"121","UMCA","Alive",1,NA,51,0,20.7,0,0,"Out","HC",2014
"53","FOP324","4/7/2014 0:00:00",6,"134","UMCA","Alive",1,NA,48,0,19.6,0,0,"Out","",2014
"54","FOP324","4/7/2014 0:00:00",7,"145","UMCA","Alive",1,NA,59,0,8,0,0,"Out","",2014
"55","FOP324","4/7/2014 0:00:00",3,"141","UMCA","Alive",1,NA,27,0,16.3,0,0,"Out","",2014
"56","FOP324","4/7/2014 0:00:00",1,"132","UMCA","Alive",1,NA,45,0,18,0,0,"In","",2014
"57","FOP324","4/7/2014 0:00:00",8,"140","UMCA","Alive",1,NA,23,0,22.5,0,0,"In","",2014
"58","FOP324","4/7/2014 0:00:00",4,"137","UMCA","Alive",1,NA,21,0,7.8,0,0,"Out","",2014
"59","FOP324","4/7/2014 0:00:00",1,"1001","QUAG","Dead",NA,4,NA,0,64.3,0,0,"In","S",2014
"60","FOP324","4/7/2014 0:00:00",2,"1002","QUAG","Alive",2,NA,NA,0,11.6,0,0,"In","SP",2014
"61","FOP333","4/22/2014 0:00:00",1,"2445","UMCA","Alive",1,NA,5,0,19.2,0,0,"In","HC",2014
"62","FOP333","4/22/2014 0:00:00",1,"201","UMCA","Alive",1,NA,10,0,24.2,0,0,"In","HC",2014
"63","FOP333","4/22/2014 0:00:00",12,"2437","UMCA","Alive",1,NA,4,0,15.9,0,0,"In","HC",2014
"64","FOP333","4/22/2014 0:00:00",12,"2804","UMCA","Alive",1,NA,9,0,15.8,0,0,"In","",2014
"65","FOP333","4/22/2014 0:00:00",10,"2889","UMCA","Alive",1,NA,17,0,17.9,0,0,"Out","HC",2014
"66","FOP333","4/22/2014 0:00:00",1,"2807","UMCA","Alive",1,NA,3,0,28.2,0,0,"In","HC",2014
"67","FOP333","4/22/2014 0:00:00",5,"160","UMCA","Alive",1,NA,17,0,25.1,0,0,"In","",2014
"68","FOP333","4/22/2014 0:00:00",5,"162","UMCA","Dead",NA,2,NA,0,7.1,0,0,"In","",2014
"69","FOP333","4/22/2014 0:00:00",3,"5895","QUAG","Alive",2,NA,NA,0,20.5,0,0,"In","SP",2014
"70","FOP333","4/22/2014 0:00:00",2,"1007","QUAG","Alive",1,NA,NA,0,28.9,0,0,"In","",2014
"71","FOP333","4/22/2014 0:00:00",2,"1006","QUAG","Alive",2,NA,NA,0,15,0,0,"In","",2014
"72","FOP333","4/22/2014 0:00:00",2,"1005","QUAG","Alive",1,NA,NA,0,29.2,0,0,"In","",2014
"73","FOP333","4/22/2014 0:00:00",2,"1004","QUAG","Alive",2,NA,NA,0,26,0,0,"In","",2014
"74","FOP333","4/22/2014 0:00:00",7,"5884","UMCA","Alive",1,NA,175,0,4.9,0,0,"In","",2014
"75","FOP333","4/22/2014 0:00:00",7,"187","UMCA","Alive",1,NA,134,0,20.6,0,0,"In","",2014
"76","FOP333","4/22/2014 0:00:00",6,"215","UMCA","Alive",3,NA,32,0,8,0,0,"In","DG, SP, SLC on sprouts",2014
"77","FOP333","4/22/2014 0:00:00",7,"2434","UMCA","Alive",1,NA,40,0,27.5,0,0,"In","HC",2014
"78","FOP333","4/22/2014 0:00:00",7,"2439","UMCA","Alive",1,NA,24,0,14.6,0,0,"In","HC",2014
"79","FOP333","4/22/2014 0:00:00",5,"2894","UMCA","Alive",1,NA,0,0,14.2,0,0,"In","HC",2014
"80","FOP333","4/22/2014 0:00:00",7,"2440","UMCA","Alive",1,NA,9,0,24.1,0,0,"In","HC",2014
"81","FOP333","4/22/2014 0:00:00",7,"2442","UMCA","Alive",1,NA,94,0,18.7,0,0,"In","",2014
"82","FOP333","4/22/2014 0:00:00",5,"2890","UMCA","Alive",1,NA,1,0,24.5,0,0,"In","HC",2014
"83","FOP333","4/22/2014 0:00:00",7,"2898","UMCA","Alive",1,NA,3,0,21.2,0,0,"In","HC",2014
"84","FOP333","4/22/2014 0:00:00",1,"1003","QUAG","Alive",1,NA,NA,1,41,0,0,"In","",2014
"85","FOP333","4/22/2014 0:00:00",8,"154","UMCA","Alive",1,NA,24,0,28.9,0,0,"Out","HC",2014
"86","FOP333","4/22/2014 0:00:00",11,"218","UMCA","Alive",1,NA,34,0,18.9,0,0,"Out","",2014
"87","FOP333","4/22/2014 0:00:00",8,"219","UMCA","Alive",1,NA,89,0,18.8,0,0,"Out","",2014
"88","FOP333","4/22/2014 0:00:00",8,"2432","UMCA","Alive",1,NA,64,0,23.9,0,0,"Out","",2014
"89","FOP333","4/22/2014 0:00:00",9,"2802","UMCA","Alive",1,NA,0,0,20.9,0,0,"In","HC",2014
"90","FOP333","4/22/2014 0:00:00",9,"2806","UMCA","Alive",1,NA,28,0,20.5,0,0,"In","HC",2014
"91","FOP333","4/22/2014 0:00:00",7,"207","UMCA","Alive",1,NA,191,0,12.8,0,0,"In","",2014
"92","FOP333","4/22/2014 0:00:00",7,"2897","UMCA","Alive",1,NA,4,0,29.5,0,0,"In","",2014
"93","FOP333","4/22/2014 0:00:00",1,"2428","UMCA","Alive",1,NA,6,0,24.5,0,0,"In","HC",2014
"94","FOP333","4/22/2014 0:00:00",4,"2435","UMCA","Alive",1,NA,17,0,26.8,0,0,"In","DF",2014
"95","FOP333","4/22/2014 0:00:00",2,"208","UMCA","Alive",1,NA,41,0,12.5,0,0,"In","",2014
"96","FOP333","4/22/2014 0:00:00",12,"206","UMCA","Dead",NA,3,NA,0,15.4,0,0,"In","",2014
"97","FOP333","4/22/2014 0:00:00",4,"204","UMCA","Alive",1,NA,127,0,96.1,0,0,"In","",2014
"98","FOP333","4/22/2014 0:00:00",1,"203","UMCA","Alive",1,NA,0,0,26.1,0,0,"In","HC",2014
"99","FOP333","4/22/2014 0:00:00",4,"185","UMCA","Alive",1,NA,56,0,16.2,0,0,"In","",2014
"100","FOP333","4/22/2014 0:00:00",4,"180","UMCA","Alive",1,NA,67,0,25,0,0,"In","DBH estimated",2014
"101","FOP333","4/22/2014 0:00:00",2,"223","UMCA","Dead",NA,4,NA,0,6.5,0,0,"In","DG",2014
"102","FOP333","4/22/2014 0:00:00",3,"217","UMCA","Alive",1,NA,58,0,6.1,0,0,"In","",2014
"103","FOP333","4/22/2014 0:00:00",1,"205","UMCA","Alive",1,NA,12,0,30.8,0,0,"In","HC",2014
"104","FOP340","4/7/2014 0:00:00",5,"5299","UMCA","Alive",1,NA,58,0,28.8,0,0,"Out","",2014
"105","FOP340","4/7/2014 0:00:00",1,"214","UMCA","Alive",1,NA,62,0,12.9,0,0,"Out","HC",2014
"106","FOP340","4/7/2014 0:00:00",2,"210","UMCA","Alive",1,NA,32,0,12.5,0,0,"Out","",2014
"107","FOP340","4/7/2014 0:00:00",3,"179","UMCA","Alive",1,NA,103,0,3.3,0,0,"Out","",2014
"108","FOP340","4/7/2014 0:00:00",4,"5300","UMCA","Alive",1,NA,23,0,11.4,0,0,"Out","",2014
"109","FOP340","4/7/2014 0:00:00",3,"1017","QUAG","Alive",1,NA,NA,0,30.1,0,0,"In","",2014
"110","FOP340","4/7/2014 0:00:00",4,"5207","QUAG","Alive",2,NA,NA,1,43.7,0,0,"In","",2014
"111","FOP340","4/7/2014 0:00:00",4,"5294","QUAG","Alive",NA,NA,NA,0,40.3,0,0,"In","",2014
"112","FOP340","4/7/2014 0:00:00",3,"1016","QUAG","Alive",2,NA,NA,0,19.6,0,0,"In","SP, shaded",2014
"113","FOP340","4/7/2014 0:00:00",3,"1015","QUAG","Alive",1,NA,NA,0,20.9,0,0,"In","",2014
"114","FOP340","4/7/2014 0:00:00",3,"1013","QUAG","Alive",2,NA,NA,0,16.5,0,0,"In","SP, shaded out",2014
"115","FOP340","4/7/2014 0:00:00",2,"1011","QUAG","Alive",2,NA,NA,0,20.2,0,0,"In","",2014
"116","FOP340","4/7/2014 0:00:00",2,"1010","QUAG","Alive",1,NA,NA,0,16.7,0,0,"In","",2014
"117","FOP340","4/7/2014 0:00:00",2,"1012","QUAG","Alive",2,NA,NA,0,26.6,0,0,"In","",2014
"118","FOP340","4/7/2014 0:00:00",3,"1014","QUAG","Alive",1,NA,NA,0,30.5,0,0,"In","",2014
"119","FOP340","4/7/2014 0:00:00",1,"1009","QUAG","Alive",2,NA,NA,0,29,0,0,"Out","",2014
"120","FOP340","4/7/2014 0:00:00",1,"1008","QUAG","Dead",NA,2,NA,0,15.7,0,0,"Out","shaded out",2014
"121","JROTH01","4/8/2014 0:00:00",1,"1637","UMCA","Alive",1,NA,57,0,11.7,0,0,"In","AG",2014
"122","JROTH01","4/8/2014 0:00:00",7,"258","UMCA","Alive",1,NA,1,0,24.2,0,0,"Out","",2014
"123","JROTH01","4/8/2014 0:00:00",2,"4378","UMCA","Alive",1,NA,116,0,19.2,0,0,"In","",2014
"124","JROTH01","4/8/2014 0:00:00",9,"272","UMCA","Alive",1,NA,33,0,34,0,0,"Out","",2014
"125","JROTH01","4/8/2014 0:00:00",4,"224","UMCA","Alive",1,NA,28,0,33.7,0,0,"Out","HC",2014
"126","JROTH01","4/8/2014 0:00:00",5,"192","UMCA","Alive",1,NA,3,0,34.8,0,0,"Out","HC",2014
"127","JROTH01","4/8/2014 0:00:00",7,"273","UMCA","Alive",2,NA,33,0,20.2,0,0,"Out","AG",2014
"128","JROTH01","4/8/2014 0:00:00",3,"277","UMCA","Alive",1,NA,8,0,28.5,0,0,"In","HC",2014
"129","JROTH01","4/8/2014 0:00:00",6,"280","UMCA","Alive",1,NA,122,0,21,0,0,"Out","",2014
"130","JROTH01","4/8/2014 0:00:00",8,"220","UMCA","Alive",1,NA,0,0,30.9,0,0,"In","HC",2014
"131","JROTH01","4/8/2014 0:00:00",2,"231","UMCA","Alive",1,NA,48,0,11.2,0,0,"In","",2014
"132","JROTH01","4/8/2014 0:00:00",4,"228","UMCA","Alive",1,NA,51,0,34.5,0,0,"Out","HC",2014
"133","JROTH01","4/8/2014 0:00:00",1,"188","UMCA","Alive",1,NA,84,0,10.9,0,0,"In","",2014
"134","JROTH01","4/8/2014 0:00:00",1,"4380","UMCA","Alive",1,NA,22,0,3.4,0,0,"In","",2014
"135","JROTH01","4/8/2014 0:00:00",1,"4379","UMCA","Alive",1,NA,67,0,6.8,0,0,"In","",2014
"136","JROTH01","4/8/2014 0:00:00",1,"774","QUKE","Alive",1,NA,NA,0,61.9,0,0,"In","",2014
"137","JROTH01","4/8/2014 0:00:00",3,"772","QUKE","Alive",1,NA,NA,0,39.3,0,0,"In","",2014
"138","JROTH01","4/8/2014 0:00:00",2,"773","QUKE","Alive",2,NA,NA,0,38.6,0,0,"In","LL, ID, DBH taken over TODI vine,",2014
"139","JROTH02","4/8/2014 0:00:00",14,"170","UMCA","Alive",1,NA,72,0,6.7,0,0,"In","",2014
"140","JROTH02","4/8/2014 0:00:00",13,"193","UMCA","Alive",1,NA,110,0,13.8,0,0,"Out","",2014
"141","JROTH02","4/8/2014 0:00:00",12,"4376","UMCA","Alive",2,NA,27,0,13.3,0,0,"In","",2014
"142","JROTH02","4/8/2014 0:00:00",12,"261","UMCA","Alive",1,NA,56,0,35.2,0,0,"In","",2014
"143","JROTH02","4/8/2014 0:00:00",9,"259","UMCA","Alive",1,NA,5,0,24.7,0,0,"In","HC",2014
"144","JROTH02","4/8/2014 0:00:00",15,"4377","UMCA","Alive",1,NA,57,0,25.1,0,0,"Out","HC",2014
"145","JROTH02","4/8/2014 0:00:00",6,"235","UMCA","Alive",1,NA,57,0,30.8,0,0,"In","HC",2014
"146","JROTH02","4/8/2014 0:00:00",16,"4257","UMCA","Alive",1,NA,1,0,22.2,0,0,"Out","HC",2014
"147","JROTH02","4/8/2014 0:00:00",17,"1913","UMCA","Alive",2,NA,164,0,25,0,0,"Out","AG, looks like nurse log",2014
"148","JROTH02","4/8/2014 0:00:00",10,"196","UMCA","Alive",1,NA,7,0,36.3,0,0,"In","HC",2014
"149","JROTH02","4/8/2014 0:00:00",8,"4256","UMCA","Alive",1,NA,0,0,24,0,0,"In","HC",2014
"150","JROTH02","4/8/2014 0:00:00",8,"254","UMCA","Alive",1,NA,1,0,21.1,0,0,"In","HC",2014
"151","JROTH02","4/8/2014 0:00:00",7,"299","UMCA","Alive",1,NA,43,0,46.3,0,0,"Out","HC",2014
"152","JROTH02","4/8/2014 0:00:00",5,"265","UMCA","Alive",1,NA,135,0,23.2,0,0,"In","",2014
"153","JROTH02","4/8/2014 0:00:00",4,"198","UMCA","Alive",1,NA,42,0,38.4,0,0,"Out","",2014
"154","JROTH02","4/8/2014 0:00:00",3,"276","UMCA","Alive",1,NA,56,0,48.9,0,0,"Out","DBH marked at 1.7m",2014
"155","JROTH02","4/8/2014 0:00:00",11,"181","UMCA","Alive",1,NA,80,0,NA,0,0,"Out","",2014
"156","JROTH02","4/8/2014 0:00:00",2,"152","UMCA","Alive",1,NA,102,0,26.8,0,0,"Out","",2014
"157","JROTH02","4/8/2014 0:00:00",1,"243","UMCA","Alive",1,NA,30,0,45.4,0,0,"Out","HC",2014
"158","JROTH02","4/8/2014 0:00:00",5,"4375","UMCA","Alive",1,NA,20,0,49.3,0,0,"In","HC",2014
"159","JROTH02","4/8/2014 0:00:00",1,"1912","QUKE","Dead",NA,4,NA,0,27,0,0,"In","DG, DBH estimated",2014
"160","JROTH02","4/8/2014 0:00:00",1,"1911","QUKE","Dead",NA,4,NA,0,35,0,1,"In","DG, DBH estimated",2014
"161","JROTH03","4/8/2014 0:00:00",8,"257","UMCA","Alive",1,NA,11,0,31.8,0,0,"In","HC",2014
"162","JROTH03","4/8/2014 0:00:00",8,"4802","UMCA","Alive",1,NA,12,0,5,0,0,"In","",2014
"163","JROTH03","4/8/2014 0:00:00",8,"4801","UMCA","Alive",1,NA,44,0,5.8,0,0,"In","",2014
"164","JROTH03","4/8/2014 0:00:00",8,"293","UMCA","Alive",1,NA,1,0,28.8,0,0,"In","HC",2014
"165","JROTH03","4/8/2014 0:00:00",8,"290","UMCA","Alive",1,NA,47,0,34,0,0,"In","HC",2014
"166","JROTH03","4/8/2014 0:00:00",8,"4803","UMCA","Alive",1,NA,8,0,8.1,0,0,"In","",2014
"167","JROTH03","4/8/2014 0:00:00",8,"285","UMCA","Alive",1,NA,0,0,36,0,0,"In","HC",2014
"168","JROTH03","4/8/2014 0:00:00",8,"6712","UMCA","Alive",1,NA,57,0,5.1,0,0,"In","",2014
"169","JROTH03","4/8/2014 0:00:00",8,"216","UMCA","Alive",1,NA,0,0,25.7,0,0,"In","HC",2014
"170","JROTH03","4/8/2014 0:00:00",8,"199","UMCA","Dead",NA,3,NA,0,27.5,0,0,"In","DG, LL, ID, soft in spots",2014
"171","JROTH03","4/8/2014 0:00:00",8,"289","UMCA","X- Stem Missing",NA,NA,NA,0,NA,0,0,"In","",2014
"172","JROTH03","4/8/2014 0:00:00",8,"4804","UMCA","Dead",NA,2,NA,0,3.7,0,0,"In","",2014
"173","JROTH03","4/8/2014 0:00:00",8,"4805","UMCA","Alive",1,NA,46,0,11.6,0,0,"In","",2014
"174","JROTH03","4/8/2014 0:00:00",8,"4807","UMCA","Alive",1,NA,26,0,8.3,0,0,"In","",2014
"175","JROTH03","4/8/2014 0:00:00",9,"250","UMCA","Alive",1,NA,25,0,16.6,0,0,"In","",2014
"176","JROTH03","4/8/2014 0:00:00",10,"268","UMCA","Alive",1,NA,20,0,12.5,0,0,"In","",2014
"177","JROTH03","4/8/2014 0:00:00",11,"4412","UMCA","Alive",1,NA,89,0,7.5,0,0,"In","",2014
"178","JROTH03","4/8/2014 0:00:00",12,"4413","UMCA","Alive",1,NA,34,0,27.4,0,0,"In","HC",2014
"179","JROTH03","4/8/2014 0:00:00",13,"412c","UMCA","X- Stem Missing",NA,NA,NA,0,NA,0,0,"Out","",2014
"180","JROTH03","4/8/2014 0:00:00",8,"165","UMCA","Alive",1,NA,0,0,63,0,0,"In","HC",2014
"181","JROTH03","4/8/2014 0:00:00",8,"4896","UMCA","Alive",1,NA,15,0,7.6,0,0,"In","",2014
"182","JROTH03","4/8/2014 0:00:00",8,"4856","UMCA","Alive",2,NA,2,0,4.6,0,0,"In","HC",2014
"183","JROTH03","4/8/2014 0:00:00",8,"4806","UMCA","Alive",1,NA,17,0,7.8,0,0,"In","",2014
"184","JROTH03","4/8/2014 0:00:00",2,"286","UMCA","Alive",1,NA,8,0,23.9,0,0,"Out","HC",2014
"185","JROTH03","4/8/2014 0:00:00",5,"778","QUAG","Dead",NA,4,NA,0,22,0,0,"In","",2014
"186","JROTH03","4/8/2014 0:00:00",5,"777","QUAG","Dead",NA,4,NA,0,25,0,0,"In","",2014
"187","JROTH03","4/8/2014 0:00:00",5,"776","QUAG","Dead",NA,3,NA,0,41.8,0,0,"In","",2014
"188","JROTH03","4/8/2014 0:00:00",5,"775","QUAG","Dead",NA,4,NA,0,36.8,0,0,"In","",2014
"189","JROTH03","4/8/2014 0:00:00",4,"780","QUAG","Dead",NA,3,NA,0,50.9,0,0,"In","",2014
"190","JROTH03","4/8/2014 0:00:00",3,"782","QUAG","Dead",NA,2,NA,0,28.8,0,0,"In","",2014
"191","JROTH03","4/8/2014 0:00:00",3,"781","QUAG","Dead",NA,4,NA,0,48.7,0,0,"In","",2014
"192","JROTH03","4/8/2014 0:00:00",2,"784","QUAG","Dead",NA,4,NA,0,47,0,0,"In","",2014
"193","JROTH03","4/8/2014 0:00:00",8,"197","UMCA","Dead",NA,2,NA,0,19.3,0,0,"In","",2014
"194","JROTH03","4/8/2014 0:00:00",1,"4482","UMCA","Alive",1,NA,25,0,36.8,0,0,"Out","HC",2014
"195","JROTH03","4/8/2014 0:00:00",5,"779","QUAG","Dead",NA,4,NA,0,22.3,0,0,"In","",2014
"196","JROTH03","4/8/2014 0:00:00",2,"288","UMCA","Alive",1,NA,149,0,8.9,0,0,"In","",2014
"197","JROTH03","4/8/2014 0:00:00",3,"249","UMCA","Alive",1,NA,77,0,15.3,0,0,"In","",2014
"198","JROTH03","4/8/2014 0:00:00",4,"291","UMCA","Alive",1,NA,51,0,28.2,0,0,"In","",2014
"199","JROTH03","4/8/2014 0:00:00",5,"292","UMCA","Alive",1,NA,3,0,28.9,0,0,"Out","",2014
"200","JROTH03","4/8/2014 0:00:00",5,"4481","UMCA","Alive",1,NA,91,0,10.8,0,0,"Out","",2014
"201","JROTH03","4/8/2014 0:00:00",6,"287","UMCA","Alive",1,NA,7,0,38.5,0,0,"In","HC",2014
"202","JROTH03","4/8/2014 0:00:00",7,"295","UMCA","Alive",1,NA,62,0,36,0,0,"In","",2014
"203","JROTH03","4/8/2014 0:00:00",8,"142","UMCA","Alive",1,NA,14,0,41,0,0,"In","HC",2014
"204","JROTH03","4/8/2014 0:00:00",8,"163","UMCA","Alive",1,NA,4,0,38.1,0,0,"In","HC",2014
"205","JROTH03","4/8/2014 0:00:00",8,"171","UMCA","Alive",1,NA,44,0,40.5,0,0,"In","HC",2014
"206","JROTH03","4/8/2014 0:00:00",1,"279","UMCA","Alive",1,NA,9,0,13.7,0,0,"Out","",2014
"207","JROTH03","4/8/2014 0:00:00",1,"783","QUAG","X- Stem Missing",NA,NA,NA,0,NA,0,0,"In","",2014
"208","JROTH03","4/8/2014 0:00:00",1,"785","QUAG","Dead",NA,4,NA,0,32.5,0,0,"In","",2014
"209","JROTH04","4/8/2014 0:00:00",1,"4382","UMCA","Dead",NA,2,NA,0,14.9,0,0,"In","S",2014
"210","JROTH04","4/8/2014 0:00:00",2,"275","UMCA","Dead",NA,3,NA,0,12,0,0,"Out","DG, DBH estimated",2014
"211","JROTH04","4/8/2014 0:00:00",2,"4259","UMCA","Alive",1,NA,4,0,11.6,0,0,"Out","",2014
"212","JROTH04","4/8/2014 0:00:00",1,"230","UMCA","Alive",1,NA,22,0,10.2,0,0,"Out","",2014
"213","JROTH05","4/22/2014 0:00:00",27,"281","UMCA","Alive",1,NA,29,0,5.6,0,0,"Out","",2014
"214","JROTH05","4/22/2014 0:00:00",32,"416b","UMCA","Alive",1,NA,73,0,28,0,0,"In","",2014
"215","JROTH05","4/22/2014 0:00:00",31,"4489","UMCA","Alive",1,NA,0,0,29.2,0,0,"In","HC",2014
"216","JROTH05","4/22/2014 0:00:00",30,"232","UMCA","Alive",3,NA,13,0,10,0,0,"In","main stem DG, DBH estimated",2014
"217","JROTH05","4/22/2014 0:00:00",33,"4410","UMCA","Alive",1,NA,44,0,21,0,0,"In","HC",2014
"218","JROTH05","4/22/2014 0:00:00",28,"229","UMCA","Alive",1,NA,108,0,38.1,0,0,"In","",2014
"219","JROTH05","4/22/2014 0:00:00",35,"4497","UMCA","Alive",1,NA,7,0,27.2,0,0,"Out","HC",2014
"220","JROTH05","4/22/2014 0:00:00",25,"274","UMCA","Alive",3,NA,32,0,3.4,0,0,"In","",2014
"221","JROTH05","4/22/2014 0:00:00",24,"283","UMCA","Alive",3,NA,28,0,2.8,0,0,"In","",2014
"222","JROTH05","4/22/2014 0:00:00",23,"242","UMCA","Alive",1,NA,125,0,12.2,0,0,"In","strangely rooted",2014
"223","JROTH05","4/22/2014 0:00:00",29,"245","UMCA","Alive",1,NA,32,0,17.9,0,0,"In","HC",2014
"224","JROTH05","4/22/2014 0:00:00",1,"1303","QUKE","Alive",1,NA,NA,1,60,0,0,"In","",2014
"225","JROTH05","4/22/2014 0:00:00",35,"4496","UMCA","Alive",1,NA,8,0,23.1,0,0,"Out","HC",2014
"226","JROTH05","4/22/2014 0:00:00",3,"1305","QUKE","Dead",NA,4,NA,0,26.2,0,0,"In","",2014
"227","JROTH05","4/22/2014 0:00:00",35,"4499","UMCA","Alive",1,NA,5,0,42.2,0,0,"Out","HC",2014
"228","JROTH05","4/22/2014 0:00:00",2,"1304","QUAG","Dead",NA,3,NA,1,52,0,1,"In","past cankers all still visible",2014
"229","JROTH05","4/22/2014 0:00:00",36,"4415","UMCA","Alive",1,NA,0,0,29,0,0,"Out","HC",2014
"230","JROTH05","4/22/2014 0:00:00",37,"415","UMCA","Alive",1,NA,4,0,28.1,0,0,"Out","HC",2014
"231","JROTH05","4/22/2014 0:00:00",38,"4490","UMCA","Alive",1,NA,9,0,32,0,0,"Out","HC",2014
"232","JROTH05","4/22/2014 0:00:00",39,"4491","UMCA","Alive",1,NA,4,0,28.3,0,0,"Out","HC",2014
"233","JROTH05","4/22/2014 0:00:00",22,"297","UMCA","Alive",3,NA,52,0,2.8,0,0,"In","",2014
"234","JROTH05","4/22/2014 0:00:00",35,"4498","UMCA","Alive",1,NA,14,0,39,0,0,"Out","HC",2014
"235","JROTH05","4/22/2014 0:00:00",34,"4404","UMCA","Alive",1,NA,1,0,20.7,0,0,"In","HC",2014
"236","JROTH05","4/22/2014 0:00:00",9,"200","UMCA","Alive",1,NA,9,0,6,0,0,"Out","",2014
"237","JROTH05","4/22/2014 0:00:00",21,"240","UMCA","Dead",NA,4,NA,0,8.2,0,0,"In","DG",2014
"238","JROTH05","4/22/2014 0:00:00",35,"4500","UMCA","Alive",1,NA,73,0,19.2,0,0,"Out","HC",2014
"239","JROTH05","4/22/2014 0:00:00",2,"153","UMCA","Alive",2,NA,35,0,40.1,0,0,"Out","",2014
"240","JROTH05","4/22/2014 0:00:00",3,"294","UMCA","Dead",NA,3,NA,0,17.2,0,0,"Out","",2014
"241","JROTH05","4/22/2014 0:00:00",4,"234","UMCA","Alive",1,NA,72,0,16.5,0,0,"In","",2014
"242","JROTH05","4/22/2014 0:00:00",4,"4406","UMCA","Alive",1,NA,11,0,13.1,0,0,"In","",2014
"243","JROTH05","4/22/2014 0:00:00",5,"186","UMCA","Alive",1,NA,53,0,20.3,0,0,"In","",2014
"244","JROTH05","4/22/2014 0:00:00",6,"298","UMCA","Alive",1,NA,176,0,NA,0,0,"In","AG",2014
"245","JROTH05","4/22/2014 0:00:00",8,"266","UMCA","Alive",1,NA,111,0,14.3,0,0,"Out","",2014
"246","JROTH05","4/22/2014 0:00:00",1,"226","UMCA","Alive",1,NA,52,0,14.3,0,0,"Out","",2014
"247","JROTH05","4/22/2014 0:00:00",10,"252","UMCA","Alive",1,NA,57,0,13,0,0,"Out","",2014
"248","JROTH05","4/22/2014 0:00:00",11,"244","UMCA","Alive",1,NA,3,0,6.1,0,0,"In","",2014
"249","JROTH05","4/22/2014 0:00:00",16,"4488","UMCA","Alive",1,NA,5,0,21.3,0,0,"In","",2014
"250","JROTH05","4/22/2014 0:00:00",20,"282","UMCA","Alive",2,NA,85,0,7.1,0,0,"In","",2014
"251","JROTH05","4/22/2014 0:00:00",19,"260","UMCA","Alive",1,NA,175,0,9.1,0,0,"In","",2014
"252","JROTH05","4/22/2014 0:00:00",7,"284","UMCA","Alive",1,NA,62,0,13.7,0,0,"In","",2014
"253","JROTH05","4/22/2014 0:00:00",17,"191","UMCA","Dead",NA,4,NA,0,8,0,0,"In","DG, DBH estimated",2014
"254","JROTH05","4/22/2014 0:00:00",12,"264","UMCA","Alive",1,NA,53,0,4.2,0,0,"In","",2014
"255","JROTH05","4/22/2014 0:00:00",16,"269","UMCA","Alive",1,NA,138,0,10.1,0,0,"In","",2014
"256","JROTH05","4/22/2014 0:00:00",15,"183","UMCA","Alive",3,NA,11,0,6.9,0,0,"In","",2014
"257","JROTH05","4/22/2014 0:00:00",14,"296","UMCA","Alive",1,NA,25,0,11.1,0,0,"In","",2014
"258","JROTH05","4/22/2014 0:00:00",14,"267","UMCA","Alive",2,NA,107,0,8,0,0,"In","",2014
"259","JROTH05","4/22/2014 0:00:00",14,"251","UMCA","Alive",1,NA,28,0,19.3,0,0,"In","HC",2014
"260","JROTH05","4/22/2014 0:00:00",13,"195","UMCA","Alive",2,NA,23,0,9.9,0,0,"In","",2014
"261","JROTH05","4/22/2014 0:00:00",18,"278","UMCA","Dead",NA,4,NA,0,NA,0,0,"In","removed tag because only pieces left",2014
"262","MROTH01","4/30/2014 0:00:00",11,"2752","UMCA","Alive",1,NA,39,0,39,0,0,"In","",2014
"263","MROTH01","4/30/2014 0:00:00",16,"1412","UMCA","Alive",1,NA,81,0,23.3,0,0,"In","",2014
"264","MROTH01","4/30/2014 0:00:00",2,"2741","UMCA","Dead",NA,2,NA,0,17.9,0,0,"Out","DG",2014
"265","MROTH01","4/30/2014 0:00:00",1,"2740","UMCA","Alive",1,NA,63,0,29,0,0,"Out","",2014
"266","MROTH01","4/30/2014 0:00:00",1,"1414","QUKE","Alive",2,NA,NA,0,41.8,0,0,"In","",2014
"267","MROTH01","4/30/2014 0:00:00",2,"1415","QUAG","Alive",1,NA,NA,1,66,0,0,"In","",2014
"268","MROTH01","4/30/2014 0:00:00",3,"2749","QUAG","Alive",1,NA,NA,0,41.5,0,0,"In","",2014
"269","MROTH01","4/30/2014 0:00:00",10,"2751","UMCA","Alive",1,NA,18,0,17.6,0,0,"In","HC",2014
"270","MROTH01","4/30/2014 0:00:00",13,"4543","UMCA","Alive",1,NA,23,0,4.2,0,0,"In","",2014
"271","MROTH01","4/30/2014 0:00:00",12,"2753","UMCA","Alive",1,NA,184,0,7.2,0,0,"In","",2014
"272","MROTH01","4/30/2014 0:00:00",13,"2755","UMCA","Alive",1,NA,43,0,11.3,0,0,"Out","",2014
"273","MROTH01","4/30/2014 0:00:00",13,"2754","UMCA","Alive",1,NA,1,0,27.4,0,0,"Out","HC",2014
"274","MROTH01","4/30/2014 0:00:00",15,"2757","UMCA","Alive",1,NA,69,0,16.3,0,0,"In","",2014
"275","MROTH01","4/30/2014 0:00:00",1,"1413","QUKE","Alive",2,NA,NA,1,58.3,0,0,"In","",2014
"276","MROTH01","4/30/2014 0:00:00",17,"5575","UMCA","Alive",1,NA,14,0,30.1,0,0,"Out","",2014
"277","MROTH01","4/30/2014 0:00:00",3,"2742","UMCA","Alive",1,NA,217,0,9.4,0,0,"Out","",2014
"278","MROTH01","4/30/2014 0:00:00",8,"6076","UMCA","Alive",1,NA,10,0,35.9,0,0,"Out","HC",2014
"279","MROTH01","4/30/2014 0:00:00",4,"2743","UMCA","Alive",1,NA,82,0,32.5,0,0,"Out","",2014
"280","MROTH01","4/30/2014 0:00:00",5,"2744","UMCA","Alive",1,NA,110,0,6.3,0,0,"Out","SP",2014
"281","MROTH01","4/30/2014 0:00:00",6,"2745","UMCA","Alive",1,NA,17,0,24.2,0,0,"Out","HC",2014
"282","MROTH01","4/30/2014 0:00:00",7,"2747","UMCA","Alive",1,NA,159,0,4.6,0,0,"In","",2014
"283","MROTH01","4/30/2014 0:00:00",7,"2746","UMCA","Alive",1,NA,144,0,12.9,0,0,"In","",2014
"284","MROTH01","4/30/2014 0:00:00",9,"2748","UMCA","Alive",1,NA,51,0,4.3,0,0,"In","",2014
"285","MROTH01","4/30/2014 0:00:00",10,"2750","UMCA","Alive",1,NA,50,0,8.5,0,0,"In","",2014
"286","MROTH01","4/30/2014 0:00:00",14,"2756","UMCA","Alive",1,NA,74,0,16,0,0,"In","",2014
"287","MROTH02","4/30/2014 0:00:00",4,"2731","UMCA","Alive",1,NA,21,0,45,0,0,"In","HC",2014
"288","MROTH02","4/30/2014 0:00:00",10,"7813","UMCA","Alive",1,NA,8,0,53.5,0,0,"In","wasn't on data sheet, but was tagged",2014
"289","MROTH02","4/30/2014 0:00:00",7,"2738","UMCA","Alive",1,NA,133,0,27.2,0,0,"Out","",2014
"290","MROTH02","4/30/2014 0:00:00",6,"2736","UMCA","Alive",1,NA,11,0,35.5,0,0,"In","",2014
"291","MROTH02","4/30/2014 0:00:00",6,"2735","UMCA","Alive",1,NA,59,0,29.6,0,0,"In","",2014
"292","MROTH02","4/30/2014 0:00:00",5,"2734","UMCA","Dead",NA,4,NA,0,9.8,0,0,"In","",2014
"293","MROTH02","4/30/2014 0:00:00",11,"2729B","UMCA","Alive",1,NA,24,0,38.1,0,0,"In","had a scratch tag, but there was a tree in the plot with the round tag with the same number",2014
"294","MROTH02","4/30/2014 0:00:00",4,"2732","UMCA","Alive",1,NA,38,0,11.8,0,0,"In","",2014
"295","MROTH02","4/30/2014 0:00:00",8,"2739","UMCA","Alive",1,NA,15,0,19.6,0,0,"Out","",2014
"296","MROTH02","4/30/2014 0:00:00",4,"2730","UMCA","Alive",1,NA,30,0,38.9,0,0,"In","",2014
"297","MROTH02","4/30/2014 0:00:00",3,"1667","UMCA","Alive",1,NA,88,0,16.9,0,0,"In","",2014
"298","MROTH02","4/30/2014 0:00:00",9,"5280","UMCA","Alive",1,NA,9,0,24.7,0,0,"In","HC",2014
"299","MROTH02","4/30/2014 0:00:00",2,"5265","UMCA","Alive",1,NA,63,0,2.9,0,0,"In","",2014
"300","MROTH02","4/30/2014 0:00:00",2,"2728","UMCA","Alive",1,NA,80,0,12.2,0,0,"In","",2014
"301","MROTH02","4/30/2014 0:00:00",1,"2729","UMCA","Alive",1,NA,34,0,39.3,0,0,"Out","HC",2014
"302","MROTH02","4/30/2014 0:00:00",5,"2733","UMCA","Alive",1,NA,215,0,25.5,0,0,"In","",2014
"303","MROTH02","4/30/2014 0:00:00",7,"2737","UMCA","Alive",1,NA,86,0,31.6,0,0,"Out","",2014
