"","plot","year","species","uninfected_bay_ct","infected_bay_ct","tot_bay"
"1","ANN01",2004,"UMCA",8,15,23
"2","ANN01",2005,"UMCA",6,17,23
"3","ANN01",2006,"UMCA",0,25,25
"4","ANN01",2007,"UMCA",0,23,23
"5","ANN01",2008,"UMCA",0,24,24
"6","ANN01",2009,"UMCA",0,23,23
"7","ANN01",2010,"UMCA",1,23,24
"8","ANN01",2011,"UMCA",0,24,24
"9","ANN01",2012,"UMCA",0,26,26
"10","ANN01",2014,"UMCA",1,23,24
"11","ANN02",2004,"UMCA",2,9,11
"12","ANN02",2005,"UMCA",3,8,11
"13","ANN02",2006,"UMCA",0,11,11
"14","ANN02",2007,"UMCA",0,11,11
"15","ANN02",2008,"UMCA",0,11,11
"16","ANN02",2009,"UMCA",0,11,11
"17","ANN02",2010,"UMCA",0,11,11
"18","ANN02",2011,"UMCA",0,11,11
"19","ANN02",2012,"UMCA",0,10,10
"20","ANN02",2014,"UMCA",0,11,11
"21","ANN03",2004,"UMCA",4,23,27
"22","ANN03",2005,"UMCA",3,24,27
"23","ANN03",2006,"UMCA",0,27,27
"24","ANN03",2007,"UMCA",1,24,25
"25","ANN03",2008,"UMCA",0,24,24
"26","ANN03",2009,"UMCA",0,27,27
"27","ANN03",2010,"UMCA",0,41,41
"28","ANN03",2011,"UMCA",0,40,40
"29","ANN03",2012,"UMCA",0,45,45
"30","ANN03",2014,"UMCA",2,40,42
"31","ANN04",2004,"UMCA",4,8,12
"32","ANN04",2005,"UMCA",3,10,13
"33","ANN04",2006,"UMCA",2,11,13
"34","ANN04",2007,"UMCA",0,13,13
"35","ANN04",2008,"UMCA",0,13,13
"36","ANN04",2009,"UMCA",0,13,13
"37","ANN04",2010,"UMCA",0,13,13
"38","ANN04",2011,"UMCA",0,13,13
"39","ANN04",2012,"UMCA",1,12,13
"40","ANN04",2014,"UMCA",1,11,12
"41","ANN05",2003,"UMCA",0,15,15
"42","ANN05",2004,"UMCA",0,12,12
"43","ANN05",2005,"UMCA",0,15,15
"44","ANN05",2006,"UMCA",0,15,15
"45","ANN05",2008,"UMCA",0,15,15
"46","ANN05",2009,"UMCA",0,14,14
"47","ANN05",2010,"UMCA",0,14,14
"48","ANN05",2011,"UMCA",0,14,14
"49","ANN05",2012,"UMCA",0,14,14
"50","ANN05",2014,"UMCA",0,14,14
"51","ANN06",2004,"UMCA",2,6,8
"52","ANN06",2005,"UMCA",0,9,9
"53","ANN06",2006,"UMCA",9,1,10
"54","ANN06",2007,"UMCA",0,10,10
"55","ANN06",2008,"UMCA",0,10,10
"56","ANN06",2009,"UMCA",0,10,10
"57","ANN06",2010,"UMCA",0,10,10
"58","ANN06",2011,"UMCA",1,9,10
"59","ANN06",2012,"UMCA",0,10,10
"60","ANN06",2014,"UMCA",0,10,10
"61","ANN07",2004,"UMCA",2,1,3
"62","ANN07",2005,"UMCA",1,2,3
"63","ANN07",2006,"UMCA",1,2,3
"64","ANN07",2007,"UMCA",0,3,3
"65","ANN07",2008,"UMCA",0,3,3
"66","ANN07",2009,"UMCA",0,3,3
"67","ANN07",2010,"UMCA",0,3,3
"68","ANN07",2011,"UMCA",0,3,3
"69","ANN07",2012,"UMCA",0,3,3
"70","ANN07",2014,"UMCA",0,3,3
"71","ANN08",2004,"UMCA",0,3,3
"72","ANN08",2005,"UMCA",0,3,3
"73","ANN08",2006,"UMCA",4,0,4
"74","ANN08",2007,"UMCA",0,4,4
"75","ANN08",2008,"UMCA",0,4,4
"76","ANN08",2009,"UMCA",0,4,4
"77","ANN08",2010,"UMCA",0,4,4
"78","ANN08",2011,"UMCA",0,4,4
"79","ANN08",2012,"UMCA",0,5,5
"80","ANN08",2014,"UMCA",0,5,5
"81","ANN09",2004,"UMCA",2,2,4
"82","ANN09",2005,"UMCA",2,2,4
"83","ANN09",2006,"UMCA",0,5,5
"84","ANN09",2007,"UMCA",0,5,5
"85","ANN09",2008,"UMCA",0,5,5
"86","ANN09",2009,"UMCA",0,5,5
"87","ANN09",2010,"UMCA",0,5,5
"88","ANN09",2011,"UMCA",1,4,5
"89","ANN09",2012,"UMCA",0,5,5
"90","ANN09",2014,"UMCA",0,5,5
"91","ANN10",2004,"UMCA",4,1,5
"92","ANN10",2005,"UMCA",4,1,5
"93","ANN10",2006,"UMCA",3,2,5
"94","ANN10",2007,"UMCA",1,4,5
"95","ANN10",2008,"UMCA",0,5,5
"96","ANN10",2009,"UMCA",0,5,5
"97","ANN10",2010,"UMCA",0,5,5
"98","ANN10",2011,"UMCA",0,5,5
"99","ANN10",2012,"UMCA",0,5,5
"100","ANN10",2014,"UMCA",0,5,5
"101","ANN11",2004,"UMCA",0,1,1
"102","ANN11",2005,"UMCA",1,0,1
"103","ANN11",2006,"UMCA",1,0,1
"104","ANN11",2007,"UMCA",0,1,1
"105","ANN11",2008,"UMCA",0,1,1
"106","ANN11",2009,"UMCA",0,1,1
"107","ANN11",2010,"UMCA",0,1,1
"108","ANN11",2011,"UMCA",0,1,1
"109","ANN11",2012,"UMCA",0,1,1
"110","ANN11",2014,"UMCA",0,1,1
"111","ANN12",2004,"UMCA",7,4,11
"112","ANN12",2005,"UMCA",9,2,11
"113","ANN12",2006,"UMCA",0,11,11
"114","ANN12",2007,"UMCA",0,13,13
"115","ANN12",2008,"UMCA",0,13,13
"116","ANN12",2009,"UMCA",0,13,13
"117","ANN12",2010,"UMCA",0,16,16
"118","ANN12",2011,"UMCA",0,16,16
"119","ANN12",2012,"UMCA",0,15,15
"120","ANN12",2014,"UMCA",1,14,15
"121","ANN13",2004,"UMCA",1,4,5
"122","ANN13",2005,"UMCA",2,3,5
"123","ANN13",2006,"UMCA",0,5,5
"124","ANN13",2007,"UMCA",0,5,5
"125","ANN13",2008,"UMCA",0,5,5
"126","ANN13",2009,"UMCA",0,5,5
"127","ANN13",2010,"UMCA",0,5,5
"128","ANN13",2011,"UMCA",0,5,5
"129","ANN13",2012,"UMCA",0,6,6
"130","ANN13",2014,"UMCA",0,6,6
"131","ANN14",2004,"UMCA",0,5,5
"132","ANN14",2005,"UMCA",1,4,5
"133","ANN14",2006,"UMCA",1,5,6
"134","ANN14",2007,"UMCA",0,6,6
"135","ANN14",2008,"UMCA",0,5,5
"136","ANN14",2009,"UMCA",1,4,5
"137","ANN14",2010,"UMCA",0,5,5
"138","ANN14",2011,"UMCA",0,6,6
"139","ANN14",2012,"UMCA",0,6,6
"140","ANN14",2014,"UMCA",0,6,6
"141","ANN15",2004,"UMCA",3,13,16
"142","ANN15",2005,"UMCA",12,4,16
"143","ANN15",2006,"UMCA",0,15,16
"144","ANN15",2007,"UMCA",0,16,16
"145","ANN15",2008,"UMCA",0,16,16
"146","ANN15",2009,"UMCA",1,15,16
"147","ANN15",2010,"UMCA",0,16,16
"148","ANN15",2011,"UMCA",0,16,16
"149","ANN15",2012,"UMCA",0,16,16
"150","ANN15",2014,"UMCA",0,16,16
"151","ANN17",2004,"UMCA",3,1,4
"152","ANN17",2005,"UMCA",1,3,4
"153","ANN17",2006,"UMCA",0,4,4
"154","ANN17",2007,"UMCA",0,4,4
"155","ANN17",2008,"UMCA",0,4,4
"156","ANN17",2009,"UMCA",0,4,4
"157","ANN17",2010,"UMCA",0,4,4
"158","ANN17",2011,"UMCA",0,4,4
"159","ANN17",2012,"UMCA",0,4,4
"160","ANN17",2014,"UMCA",0,4,4
"161","ANN18",2004,"UMCA",1,2,3
"162","ANN18",2005,"UMCA",1,3,4
"163","ANN18",2006,"UMCA",0,4,4
"164","ANN18",2007,"UMCA",0,4,4
"165","ANN18",2008,"UMCA",0,4,4
"166","ANN18",2009,"UMCA",0,4,4
"167","ANN18",2010,"UMCA",0,4,4
"168","ANN18",2011,"UMCA",0,4,4
"169","ANN18",2012,"UMCA",0,5,5
"170","ANN18",2014,"UMCA",0,5,5
"171","ANN19",2004,"UMCA",0,3,3
"172","ANN19",2005,"UMCA",0,3,3
"173","ANN19",2006,"UMCA",0,3,3
"174","ANN19",2007,"UMCA",0,3,3
"175","ANN19",2008,"UMCA",0,3,3
"176","ANN19",2009,"UMCA",0,3,3
"177","ANN19",2010,"UMCA",0,3,3
"178","ANN19",2011,"UMCA",0,3,3
"179","ANN19",2012,"UMCA",0,3,3
"180","ANN19",2014,"UMCA",0,3,3
"181","ANN20",2004,"UMCA",0,1,1
"182","ANN20",2005,"UMCA",0,1,1
"183","ANN20",2006,"UMCA",0,1,1
"184","ANN20",2007,"UMCA",0,1,1
"185","ANN20",2008,"UMCA",0,1,1
"186","ANN20",2009,"UMCA",0,1,1
"187","ANN20",2010,"UMCA",0,1,1
"188","ANN20",2011,"UMCA",0,1,1
"189","ANN20",2012,"UMCA",0,1,1
"190","ANN20",2014,"UMCA",0,1,1
"191","ANN21",2004,"UMCA",0,8,8
"192","ANN21",2005,"UMCA",1,7,8
"193","ANN21",2006,"UMCA",0,8,8
"194","ANN21",2007,"UMCA",0,8,8
"195","ANN21",2008,"UMCA",0,8,8
"196","ANN21",2009,"UMCA",0,8,8
"197","ANN21",2010,"UMCA",0,8,8
"198","ANN21",2011,"UMCA",0,8,8
"199","ANN21",2012,"UMCA",0,8,8
"200","ANN21",2014,"UMCA",0,7,7
"201","ANN22",2004,"UMCA",0,12,12
"202","ANN22",2005,"UMCA",0,12,12
"203","ANN22",2006,"UMCA",0,12,12
"204","ANN22",2007,"UMCA",0,12,12
"205","ANN22",2008,"UMCA",0,12,12
"206","ANN22",2009,"UMCA",0,12,12
"207","ANN22",2010,"UMCA",0,12,12
"208","ANN22",2011,"UMCA",0,11,11
"209","ANN22",2012,"UMCA",0,11,11
"210","ANN22",2014,"UMCA",0,12,12
"211","ANN23",2007,"UMCA",0,1,1
"212","ANN23",2008,"UMCA",0,1,1
"213","ANN23",2009,"UMCA",0,1,1
"214","ANN23",2010,"UMCA",0,1,1
"215","ANN23",2011,"UMCA",0,1,1
"216","ANN23",2012,"UMCA",0,2,2
"217","ANN23",2014,"UMCA",0,2,2
"218","ANN24",2004,"UMCA",1,7,8
"219","ANN24",2005,"UMCA",2,6,8
"220","ANN24",2006,"UMCA",0,8,8
"221","ANN24",2007,"UMCA",0,8,8
"222","ANN24",2008,"UMCA",0,8,8
"223","ANN24",2009,"UMCA",1,7,8
"224","ANN24",2010,"UMCA",0,8,8
"225","ANN24",2011,"UMCA",0,8,8
"226","ANN24",2012,"UMCA",0,8,8
"227","ANN24",2014,"UMCA",1,7,8
"228","ANN25",2004,"UMCA",0,4,4
"229","ANN25",2005,"UMCA",0,4,4
"230","ANN25",2006,"UMCA",0,4,4
"231","ANN25",2007,"UMCA",0,4,4
"232","ANN25",2008,"UMCA",0,4,4
"233","ANN25",2009,"UMCA",0,4,4
"234","ANN25",2010,"UMCA",0,6,6
"235","ANN25",2011,"UMCA",0,6,6
"236","ANN25",2012,"UMCA",0,6,6
"237","ANN25",2014,"UMCA",0,6,6
"238","ANN27",2004,"UMCA",0,4,4
"239","ANN27",2005,"UMCA",1,3,4
"240","ANN27",2006,"UMCA",0,4,4
"241","ANN27",2007,"UMCA",0,4,4
"242","ANN27",2008,"UMCA",0,4,4
"243","ANN27",2009,"UMCA",0,4,4
"244","ANN27",2010,"UMCA",0,4,4
"245","ANN27",2011,"UMCA",0,4,4
"246","ANN27",2012,"UMCA",0,4,4
"247","ANN27",2014,"UMCA",0,4,4
"248","ANN29",2004,"UMCA",0,10,10
"249","ANN29",2005,"UMCA",0,10,10
"250","ANN29",2006,"UMCA",0,10,10
"251","ANN29",2007,"UMCA",0,10,10
"252","ANN29",2008,"UMCA",0,10,10
"253","ANN29",2009,"UMCA",0,10,10
"254","ANN29",2010,"UMCA",0,10,10
"255","ANN29",2011,"UMCA",0,10,10
"256","ANN29",2012,"UMCA",0,10,10
"257","ANN29",2014,"UMCA",0,9,9
"258","ANN30",2004,"UMCA",0,2,2
"259","ANN30",2005,"UMCA",1,1,2
"260","ANN30",2006,"UMCA",0,2,2
"261","ANN30",2007,"UMCA",0,5,5
"262","ANN30",2008,"UMCA",0,5,5
"263","ANN30",2009,"UMCA",0,4,4
"264","ANN30",2010,"UMCA",0,5,5
"265","ANN30",2011,"UMCA",0,5,5
"266","ANN30",2012,"UMCA",0,5,5
"267","ANN30",2014,"UMCA",0,6,6
"268","ANN31",2004,"UMCA",0,6,6
"269","ANN31",2005,"UMCA",1,5,6
"270","ANN31",2006,"UMCA",0,6,6
"271","ANN31",2007,"UMCA",1,5,6
"272","ANN31",2008,"UMCA",0,6,6
"273","ANN31",2009,"UMCA",5,1,6
"274","ANN31",2010,"UMCA",0,6,6
"275","ANN31",2011,"UMCA",0,6,6
"276","ANN31",2012,"UMCA",0,5,6
"277","ANN31",2014,"UMCA",1,5,6
"278","ANN32",2004,"UMCA",1,12,13
"279","ANN32",2005,"UMCA",1,14,15
"280","ANN32",2006,"UMCA",0,15,15
"281","ANN32",2007,"UMCA",2,13,15
"282","ANN32",2008,"UMCA",2,13,15
"283","ANN32",2009,"UMCA",2,12,14
"284","ANN32",2010,"UMCA",1,12,13
"285","ANN32",2011,"UMCA",1,12,13
"286","ANN32",2012,"UMCA",0,13,13
"287","ANN32",2014,"UMCA",0,14,14
"288","ANN33",2004,"UMCA",5,23,28
"289","ANN33",2005,"UMCA",10,22,32
"290","ANN33",2006,"UMCA",3,29,32
"291","ANN33",2007,"UMCA",3,29,32
"292","ANN33",2008,"UMCA",0,32,32
"293","ANN33",2009,"UMCA",4,27,31
"294","ANN33",2010,"UMCA",3,28,31
"295","ANN33",2011,"UMCA",1,30,31
"296","ANN33",2012,"UMCA",0,32,32
"297","ANN33",2014,"UMCA",0,29,29
"298","ANN34",2004,"UMCA",0,17,17
"299","ANN34",2005,"UMCA",0,15,15
"300","ANN34",2006,"UMCA",0,17,17
"301","ANN34",2007,"UMCA",0,17,17
"302","ANN34",2008,"UMCA",1,16,17
"303","ANN34",2009,"UMCA",0,17,17
"304","ANN34",2010,"UMCA",0,16,16
"305","ANN34",2011,"UMCA",0,17,17
"306","ANN34",2012,"UMCA",0,17,18
"307","ANN34",2014,"UMCA",0,17,17
"308","ANN35",2004,"UMCA",0,3,3
"309","ANN35",2005,"UMCA",0,3,3
"310","ANN35",2006,"UMCA",0,3,3
"311","ANN35",2007,"UMCA",0,3,3
"312","ANN35",2008,"UMCA",0,3,3
"313","ANN35",2009,"UMCA",1,2,3
"314","ANN35",2010,"UMCA",0,3,3
"315","ANN35",2011,"UMCA",0,3,3
"316","ANN35",2012,"UMCA",0,3,3
"317","ANN35",2014,"UMCA",0,3,3
"318","ANN36",2004,"UMCA",6,10,16
"319","ANN36",2005,"UMCA",6,12,18
"320","ANN36",2006,"UMCA",5,13,18
"321","ANN36",2007,"UMCA",0,18,18
"322","ANN36",2008,"UMCA",0,18,18
"323","ANN36",2009,"UMCA",2,16,18
"324","ANN36",2010,"UMCA",0,18,18
"325","ANN36",2011,"UMCA",0,18,18
"326","ANN36",2012,"UMCA",0,18,18
"327","ANN36",2014,"UMCA",0,18,18
"328","ANN37",2004,"UMCA",13,5,18
"329","ANN37",2005,"UMCA",2,25,27
"330","ANN37",2006,"UMCA",0,27,27
"331","ANN37",2007,"UMCA",0,27,27
"332","ANN37",2008,"UMCA",0,27,27
"333","ANN37",2009,"UMCA",2,25,27
"334","ANN37",2010,"UMCA",0,28,28
"335","ANN37",2011,"UMCA",0,27,27
"336","ANN37",2012,"UMCA",0,26,26
"337","ANN37",2014,"UMCA",0,28,28
"338","ANN38",2004,"UMCA",4,4,8
"339","ANN38",2005,"UMCA",4,4,8
"340","ANN38",2006,"UMCA",0,7,8
"341","ANN38",2007,"UMCA",1,7,8
"342","ANN38",2008,"UMCA",0,7,7
"343","ANN38",2009,"UMCA",6,1,7
"344","ANN38",2010,"UMCA",1,6,7
"345","ANN38",2011,"UMCA",0,7,7
"346","ANN38",2012,"UMCA",0,7,7
"347","ANN38",2014,"UMCA",0,7,7
"348","APGAR01",2004,"UMCA",5,5,10
"349","APGAR01",2005,"UMCA",5,5,10
"350","APGAR01",2006,"UMCA",3,7,10
"351","APGAR01",2007,"UMCA",0,10,10
"352","APGAR01",2008,"UMCA",0,10,10
"353","APGAR01",2009,"UMCA",0,9,9
"354","APGAR01",2010,"UMCA",0,10,10
"355","APGAR01",2011,"UMCA",0,10,10
"356","APGAR01",2012,"UMCA",0,10,10
"357","APGAR01",2014,"UMCA",0,11,11
"358","ARBIT01",2004,"UMCA",0,5,5
"359","ARBIT01",2005,"UMCA",0,5,5
"360","ARBIT01",2006,"UMCA",0,5,5
"361","ARBIT01",2007,"UMCA",0,5,5
"362","ARBIT01",2008,"UMCA",0,5,5
"363","ARBIT01",2009,"UMCA",0,5,5
"364","ARBIT01",2010,"UMCA",0,5,5
"365","ARBIT01",2011,"UMCA",0,6,6
"366","ARBIT01",2012,"UMCA",0,6,6
"367","ARBIT01",2014,"UMCA",0,6,6
"368","ARBIT02",2004,"UMCA",1,1,2
"369","ARBIT02",2005,"UMCA",1,1,2
"370","ARBIT02",2006,"UMCA",0,2,2
"371","ARBIT02",2007,"UMCA",0,2,2
"372","ARBIT02",2008,"UMCA",0,2,2
"373","ARBIT02",2009,"UMCA",0,2,2
"374","ARBIT02",2010,"UMCA",0,3,3
"375","ARBIT02",2011,"UMCA",0,3,3
"376","ARBIT02",2012,"UMCA",0,3,3
"377","ARBIT02",2014,"UMCA",0,3,3
"378","ARBIT03",2004,"UMCA",1,7,8
"379","ARBIT03",2005,"UMCA",3,5,8
"380","ARBIT03",2006,"UMCA",0,8,8
"381","ARBIT03",2007,"UMCA",1,7,8
"382","ARBIT03",2008,"UMCA",0,8,8
"383","ARBIT03",2009,"UMCA",0,9,9
"384","ARBIT03",2010,"UMCA",0,10,10
"385","ARBIT03",2011,"UMCA",1,9,10
"386","ARBIT03",2012,"UMCA",0,12,12
"387","ARBIT03",2014,"UMCA",0,12,12
"388","ARBIT04",2004,"UMCA",0,8,8
"389","ARBIT04",2005,"UMCA",0,9,9
"390","ARBIT04",2006,"UMCA",0,9,9
"391","ARBIT04",2007,"UMCA",0,9,9
"392","ARBIT04",2008,"UMCA",0,9,9
"393","ARBIT04",2009,"UMCA",0,10,10
"394","ARBIT04",2010,"UMCA",0,10,10
"395","ARBIT04",2011,"UMCA",0,12,12
"396","ARBIT04",2012,"UMCA",0,12,12
"397","ARBIT04",2014,"UMCA",0,12,12
"398","ARBIT05",2011,"UMCA",0,1,1
"399","ARBIT05",2012,"UMCA",0,1,1
"400","ARBIT05",2014,"UMCA",0,1,1
"401","ATHEA02",2004,"UMCA",1,14,15
"402","ATHEA02",2005,"UMCA",0,13,13
"403","ATHEA02",2006,"UMCA",0,15,15
"404","ATHEA02",2007,"UMCA",0,15,15
"405","ATHEA02",2008,"UMCA",0,14,14
"406","ATHEA02",2009,"UMCA",1,13,14
"407","ATHEA02",2010,"UMCA",0,14,14
"408","ATHEA02",2011,"UMCA",0,14,14
"409","ATHEA02",2012,"UMCA",0,14,14
"410","ATHEA02",2014,"UMCA",0,15,15
"411","BACKM03",2004,"UMCA",38,4,42
"412","BACKM03",2005,"UMCA",40,2,43
"413","BACKM03",2006,"UMCA",2,40,44
"414","BACKM03",2007,"UMCA",21,20,43
"415","BACKM03",2008,"UMCA",1,41,43
"416","BACKM03",2009,"UMCA",2,36,41
"417","BACKM03",2010,"UMCA",1,41,42
"418","BACKM03",2011,"UMCA",8,34,43
"419","BACKM03",2012,"UMCA",6,39,45
"420","BACKM03",2014,"UMCA",6,37,43
"421","BACKM04",2004,"UMCA",6,3,9
"422","BACKM04",2005,"UMCA",4,5,9
"423","BACKM04",2006,"UMCA",5,4,9
"424","BACKM04",2007,"UMCA",6,3,9
"425","BACKM04",2008,"UMCA",0,9,9
"426","BACKM04",2009,"UMCA",0,9,9
"427","BACKM04",2010,"UMCA",0,9,9
"428","BACKM04",2011,"UMCA",0,9,9
"429","BACKM04",2012,"UMCA",0,9,9
"430","BACKM04",2014,"UMCA",0,10,10
"431","BACKM05",2004,"UMCA",12,17,29
"432","BACKM05",2005,"UMCA",15,14,29
"433","BACKM05",2006,"UMCA",2,29,31
"434","BACKM05",2007,"UMCA",6,25,31
"435","BACKM05",2008,"UMCA",1,30,31
"436","BACKM05",2009,"UMCA",1,29,31
"437","BACKM05",2010,"UMCA",0,30,31
"438","BACKM05",2011,"UMCA",0,31,32
"439","BACKM05",2012,"UMCA",0,34,34
"440","BACKM05",2014,"UMCA",0,35,35
"441","BELTA01",2004,"UMCA",0,10,10
"442","BELTA01",2005,"UMCA",1,9,10
"443","BELTA01",2006,"UMCA",0,11,11
"444","BELTA01",2007,"UMCA",0,11,11
"445","BELTA01",2008,"UMCA",0,11,11
"446","BELTA01",2009,"UMCA",1,10,11
"447","BELTA01",2010,"UMCA",0,11,11
"448","BELTA01",2011,"UMCA",0,12,12
"449","BELTA01",2012,"UMCA",0,12,12
"450","BELTA01",2014,"UMCA",0,12,12
"451","BELTA02",2004,"UMCA",0,1,1
"452","BELTA02",2005,"UMCA",0,1,1
"453","BELTA02",2006,"UMCA",0,1,1
"454","BELTA02",2007,"UMCA",0,1,1
"455","BELTA02",2008,"UMCA",0,1,1
"456","BELTA02",2009,"UMCA",0,1,1
"457","BELTA02",2010,"UMCA",0,1,1
"458","BELTA02",2011,"UMCA",0,1,1
"459","BELTA02",2012,"UMCA",0,1,1
"460","BELTA02",2014,"UMCA",0,1,1
"461","BELTA03",2004,"UMCA",0,5,5
"462","BELTA03",2005,"UMCA",0,5,5
"463","BELTA03",2006,"UMCA",0,5,5
"464","BELTA03",2007,"UMCA",0,5,5
"465","BELTA03",2008,"UMCA",0,5,5
"466","BELTA03",2009,"UMCA",0,5,5
"467","BELTA03",2010,"UMCA",0,5,5
"468","BELTA03",2011,"UMCA",0,5,5
"469","BELTA03",2012,"UMCA",0,5,5
"470","BELTA03",2014,"UMCA",0,5,5
"471","BELTA04",2004,"UMCA",0,15,15
"472","BELTA04",2005,"UMCA",0,15,15
"473","BELTA04",2006,"UMCA",0,15,15
"474","BELTA04",2007,"UMCA",0,15,15
"475","BELTA04",2008,"UMCA",0,15,15
"476","BELTA04",2009,"UMCA",0,15,15
"477","BELTA04",2010,"UMCA",0,14,14
"478","BELTA04",2011,"UMCA",0,15,15
"479","BELTA04",2012,"UMCA",0,18,18
"480","BELTA04",2014,"UMCA",1,17,18
"481","BELTA08",2004,"UMCA",0,30,30
"482","BELTA08",2005,"UMCA",0,30,30
"483","BELTA08",2006,"UMCA",0,31,31
"484","BELTA08",2007,"UMCA",0,30,30
"485","BELTA08",2008,"UMCA",0,25,25
"486","BELTA08",2009,"UMCA",0,30,30
"487","BELTA08",2010,"UMCA",0,30,30
"488","BELTA08",2011,"UMCA",0,29,29
"489","BELTA08",2012,"UMCA",0,30,30
"490","BELTA08",2014,"UMCA",1,29,30
"491","BERGE01",2004,"UMCA",18,35,53
"492","BERGE01",2005,"UMCA",11,42,53
"493","BERGE01",2006,"UMCA",8,45,53
"494","BERGE01",2007,"UMCA",3,50,53
"495","BERGE01",2008,"UMCA",0,50,51
"496","BERGE01",2009,"UMCA",0,49,50
"497","BERGE01",2010,"UMCA",2,49,51
"498","BERGE01",2011,"UMCA",1,50,51
"499","BERGE01",2012,"UMCA",0,50,50
"500","BERGE01",2014,"UMCA",3,46,49
"501","BOUV01",2004,"UMCA",1,2,3
"502","BOUV01",2005,"UMCA",4,0,4
"503","BOUV01",2006,"UMCA",2,2,4
"504","BOUV01",2007,"UMCA",0,4,4
"505","BOUV01",2008,"UMCA",0,4,4
"506","BOUV01",2009,"UMCA",1,3,4
"507","BOUV01",2010,"UMCA",0,4,4
"508","BOUV01",2011,"UMCA",0,4,4
"509","BOUV01",2012,"UMCA",0,4,4
"510","BOUV01",2014,"UMCA",0,4,4
"511","BOUV02",2004,"UMCA",4,35,39
"512","BOUV02",2005,"UMCA",27,17,44
"513","BOUV02",2006,"UMCA",1,43,44
"514","BOUV02",2007,"UMCA",0,43,43
"515","BOUV02",2008,"UMCA",3,39,42
"516","BOUV02",2009,"UMCA",5,38,43
"517","BOUV02",2010,"UMCA",1,39,40
"518","BOUV02",2011,"UMCA",1,45,46
"519","BOUV02",2012,"UMCA",4,41,45
"520","BOUV02",2014,"UMCA",2,45,47
"521","BOUV03",2004,"UMCA",5,8,13
"522","BOUV03",2005,"UMCA",12,5,17
"523","BOUV03",2006,"UMCA",12,6,18
"524","BOUV03",2007,"UMCA",0,18,18
"525","BOUV03",2008,"UMCA",0,18,18
"526","BOUV03",2009,"UMCA",2,16,18
"527","BOUV03",2010,"UMCA",0,18,18
"528","BOUV03",2011,"UMCA",0,18,18
"529","BOUV03",2012,"UMCA",0,18,18
"530","BOUV03",2014,"UMCA",0,18,18
"531","BOUV09",2003,"UMCA",2,15,17
"532","BOUV09",2004,"UMCA",12,11,23
"533","BOUV09",2005,"UMCA",5,33,38
"534","BOUV09",2006,"UMCA",1,41,42
"535","BOUV09",2007,"UMCA",1,40,41
"536","BOUV09",2008,"UMCA",3,39,42
"537","BOUV09",2009,"UMCA",4,29,33
"538","BOUV09",2010,"UMCA",0,37,37
"539","BOUV09",2011,"UMCA",0,39,39
"540","BOUV09",2012,"UMCA",0,39,39
"541","BOUV09",2014,"UMCA",0,44,44
"542","BOWES01",2004,"UMCA",0,10,10
"543","BOWES01",2005,"UMCA",0,10,10
"544","BOWES01",2006,"UMCA",0,10,10
"545","BOWES01",2007,"UMCA",0,10,10
"546","BOWES01",2008,"UMCA",0,10,10
"547","BOWES01",2009,"UMCA",0,10,10
"548","BOWES01",2010,"UMCA",0,10,10
"549","BOWES01",2011,"UMCA",0,10,10
"550","BOWES01",2012,"UMCA",0,10,10
"551","BOWES01",2014,"UMCA",0,10,10
"552","BOWES02",2004,"UMCA",0,14,14
"553","BOWES02",2005,"UMCA",1,13,14
"554","BOWES02",2006,"UMCA",0,14,14
"555","BOWES02",2007,"UMCA",0,14,14
"556","BOWES02",2008,"UMCA",0,14,14
"557","BOWES02",2009,"UMCA",1,13,14
"558","BOWES02",2010,"UMCA",0,14,14
"559","BOWES02",2011,"UMCA",0,14,14
"560","BOWES02",2012,"UMCA",0,14,14
"561","BOWES02",2014,"UMCA",0,13,13
"562","BOWES03",2004,"UMCA",0,5,5
"563","BOWES03",2005,"UMCA",0,5,5
"564","BOWES03",2006,"UMCA",0,4,5
"565","BOWES03",2007,"UMCA",0,4,4
"566","BOWES03",2008,"UMCA",0,4,4
"567","BOWES03",2009,"UMCA",0,4,4
"568","BOWES03",2010,"UMCA",0,4,4
"569","BOWES03",2011,"UMCA",0,4,4
"570","BOWES03",2012,"UMCA",0,4,4
"571","BOWES03",2014,"UMCA",0,6,6
"572","BUSH01",2004,"UMCA",0,3,3
"573","BUSH01",2005,"UMCA",0,3,3
"574","COCHR01",2004,"UMCA",6,2,8
"575","COCHR01",2005,"UMCA",8,0,8
"576","COCHR01",2006,"UMCA",8,0,8
"577","COCHR01",2007,"UMCA",6,2,8
"578","COCHR01",2008,"UMCA",0,7,7
"579","COCHR01",2009,"UMCA",0,7,7
"580","COCHR01",2010,"UMCA",0,8,8
"581","COCHR01",2011,"UMCA",0,9,9
"582","COCHR01",2012,"UMCA",0,9,9
"583","COCHR01",2014,"UMCA",0,9,9
"584","COOK01",2004,"UMCA",1,2,3
"585","COOK01",2005,"UMCA",0,4,4
"586","COOK01",2006,"UMCA",0,5,5
"587","COOK01",2007,"UMCA",0,5,5
"588","COOK01",2008,"UMCA",0,5,5
"589","COOK01",2009,"UMCA",0,5,5
"590","COOK01",2010,"UMCA",0,5,5
"591","COOK01",2011,"UMCA",0,5,5
"592","COOK01",2012,"UMCA",0,5,5
"593","COOK01",2014,"UMCA",0,5,5
"594","COOK02",2004,"UMCA",0,3,3
"595","COOK02",2005,"UMCA",1,2,3
"596","COOK02",2006,"UMCA",1,6,7
"597","COOK02",2007,"UMCA",0,6,6
"598","COOK02",2008,"UMCA",0,7,7
"599","COOK02",2009,"UMCA",0,7,7
"600","COOK02",2010,"UMCA",0,8,8
"601","COOK02",2011,"UMCA",0,10,10
"602","COOK02",2012,"UMCA",0,11,11
"603","COOK02",2014,"UMCA",0,11,11
"604","DOMAN01",2004,"UMCA",12,0,12
"605","DOMAN01",2005,"UMCA",11,0,11
"606","DOMAN01",2006,"UMCA",5,8,13
"607","DOMAN01",2007,"UMCA",1,12,13
"608","DOMAN01",2008,"UMCA",0,14,14
"609","DOMAN01",2009,"UMCA",0,13,13
"610","DOMAN01",2010,"UMCA",0,15,15
"611","DOMAN01",2011,"UMCA",0,15,15
"612","DOMAN01",2012,"UMCA",0,21,21
"613","DOMAN01",2014,"UMCA",0,25,25
"614","ELIOT01",2004,"UMCA",0,15,15
"615","ELIOT01",2005,"UMCA",0,15,15
"616","ELIOT01",2006,"UMCA",0,15,15
"617","ELIOT01",2007,"UMCA",0,15,15
"618","ELIOT01",2008,"UMCA",0,15,15
"619","ELIOT01",2009,"UMCA",0,15,15
"620","ELIOT01",2010,"UMCA",0,15,15
"621","ELIOT01",2011,"UMCA",0,15,15
"622","ELIOT01",2012,"UMCA",0,15,15
"623","ELIOT01",2014,"UMCA",0,15,15
"624","FERRA01",2004,"UMCA",42,12,54
"625","FERRA01",2005,"UMCA",42,12,54
"626","FERRA01",2006,"UMCA",0,54,55
"627","FERRA01",2007,"UMCA",0,55,55
"628","FERRA01",2008,"UMCA",0,52,52
"629","FERRA01",2009,"UMCA",1,51,52
"630","FERRA01",2010,"UMCA",0,54,54
"631","FERRA01",2011,"UMCA",0,54,54
"632","FERRA01",2012,"UMCA",0,51,51
"633","FERRA01",2014,"UMCA",1,52,53
"634","FOP04",2004,"UMCA",0,22,22
"635","FOP04",2005,"UMCA",3,19,22
"636","FOP04",2006,"UMCA",0,22,22
"637","FOP04",2007,"UMCA",0,22,22
"638","FOP04",2008,"UMCA",0,22,22
"639","FOP04",2009,"UMCA",7,15,22
"640","FOP04",2010,"UMCA",0,24,24
"641","FOP04",2011,"UMCA",0,24,24
"642","FOP04",2012,"UMCA",0,24,24
"643","FOP04",2014,"UMCA",1,23,24
"644","FOP324",2004,"UMCA",1,32,33
"645","FOP324",2005,"UMCA",1,30,31
"646","FOP324",2006,"UMCA",0,30,31
"647","FOP324",2007,"UMCA",0,30,31
"648","FOP324",2008,"UMCA",0,31,31
"649","FOP324",2009,"UMCA",6,26,32
"650","FOP324",2010,"UMCA",0,32,32
"651","FOP324",2011,"UMCA",0,32,33
"652","FOP324",2012,"UMCA",0,32,32
"653","FOP324",2014,"UMCA",0,29,29
"654","FOP333",2004,"UMCA",2,30,32
"655","FOP333",2005,"UMCA",6,27,33
"656","FOP333",2006,"UMCA",5,28,33
"657","FOP333",2007,"UMCA",1,32,33
"658","FOP333",2008,"UMCA",1,32,33
"659","FOP333",2009,"UMCA",25,8,33
"660","FOP333",2010,"UMCA",0,33,33
"661","FOP333",2011,"UMCA",1,32,33
"662","FOP333",2012,"UMCA",0,34,34
"663","FOP333",2014,"UMCA",3,31,34
"664","FOP340",2003,"UMCA",0,3,3
"665","FOP340",2004,"UMCA",0,3,3
"666","FOP340",2005,"UMCA",0,3,3
"667","FOP340",2006,"UMCA",0,3,3
"668","FOP340",2007,"UMCA",0,3,3
"669","FOP340",2008,"UMCA",0,3,3
"670","FOP340",2009,"UMCA",0,5,5
"671","FOP340",2010,"UMCA",0,5,5
"672","FOP340",2011,"UMCA",0,5,5
"673","FOP340",2012,"UMCA",0,5,5
"674","FOP340",2014,"UMCA",0,5,5
"675","FRIDE01",2004,"UMCA",0,3,3
"676","FRIDE01",2005,"UMCA",2,1,3
"677","FRIDE01",2006,"UMCA",3,0,3
"678","FRIDE01",2007,"UMCA",0,3,3
"679","FRIDE01",2008,"UMCA",0,3,3
"680","FRIDE01",2009,"UMCA",0,3,3
"681","FRIDE01",2010,"UMCA",0,3,3
"682","FRIDE01",2011,"UMCA",0,3,3
"683","FRIDE01",2012,"UMCA",0,3,3
"684","FRIDE01",2014,"UMCA",0,3,3
"685","GANAY01",2004,"UMCA",0,1,1
"686","GANAY01",2005,"UMCA",0,1,1
"687","GANAY01",2006,"UMCA",0,1,1
"688","GANAY01",2007,"UMCA",0,1,1
"689","GANAY01",2008,"UMCA",0,1,1
"690","GANAY01",2009,"UMCA",0,1,1
"691","GANAY01",2010,"UMCA",0,1,1
"692","GANAY01",2011,"UMCA",0,1,1
"693","GANAY01",2012,"UMCA",0,1,1
"694","GANAY01",2014,"UMCA",0,1,1
"695","GANAY02",2004,"UMCA",5,5,10
"696","GANAY02",2005,"UMCA",6,4,10
"697","GANAY02",2006,"UMCA",0,9,9
"698","GANAY02",2007,"UMCA",0,8,8
"699","GANAY02",2008,"UMCA",0,8,8
"700","GANAY02",2009,"UMCA",1,7,8
"701","GANAY02",2010,"UMCA",0,8,8
"702","GANAY02",2011,"UMCA",0,8,8
"703","GANAY02",2012,"UMCA",0,8,8
"704","GANAY02",2014,"UMCA",1,7,8
"705","GARD01",2004,"UMCA",24,0,24
"706","GARD01",2005,"UMCA",24,0,24
"707","GARD01",2006,"UMCA",23,0,23
"708","GARD01",2007,"UMCA",24,0,24
"709","GARD01",2008,"UMCA",0,21,22
"710","GARD01",2009,"UMCA",1,20,22
"711","GARD01",2010,"UMCA",1,21,22
"712","GARD01",2011,"UMCA",2,21,23
"713","GARD01",2012,"UMCA",1,23,24
"714","GARD01",2014,"UMCA",0,21,21
"715","HALLO01",2014,"UMCA",0,1,1
"716","HALOW02",2004,"UMCA",0,16,16
"717","HALOW02",2005,"UMCA",1,15,16
"718","HALOW02",2006,"UMCA",0,16,16
"719","HALOW02",2007,"UMCA",0,16,16
"720","HALOW02",2008,"UMCA",0,16,16
"721","HALOW02",2009,"UMCA",1,15,16
"722","HALOW02",2010,"UMCA",0,17,17
"723","HALOW02",2011,"UMCA",0,17,17
"724","HALOW02",2012,"UMCA",0,19,19
"725","HALOW02",2014,"UMCA",1,18,19
"726","HOOD01",2004,"UMCA",25,42,67
"727","HOOD01",2005,"UMCA",28,30,58
"728","HOOD01",2006,"UMCA",0,67,68
"729","HOOD01",2007,"UMCA",0,72,72
"730","HOOD01",2008,"UMCA",0,70,70
"731","HOOD01",2009,"UMCA",4,66,70
"732","HOOD01",2010,"UMCA",0,71,71
"733","HOOD01",2011,"UMCA",0,71,71
"734","HOOD01",2012,"UMCA",0,72,72
"735","HOOD01",2014,"UMCA",5,68,73
"736","HOOD02",2004,"UMCA",51,17,69
"737","HOOD02",2005,"UMCA",61,8,69
"738","HOOD02",2006,"UMCA",48,18,66
"739","HOOD02",2007,"UMCA",7,60,67
"740","HOOD02",2008,"UMCA",5,59,64
"741","HOOD02",2009,"UMCA",0,66,66
"742","HOOD02",2010,"UMCA",0,65,65
"743","HOOD02",2011,"UMCA",1,64,65
"744","HOOD02",2012,"UMCA",0,66,67
"745","HOOD02",2014,"UMCA",2,64,66
"746","HOOD03",2004,"UMCA",6,0,6
"747","HOOD03",2005,"UMCA",4,2,6
"748","HOOD03",2006,"UMCA",0,8,8
"749","HOOD03",2007,"UMCA",0,8,8
"750","HOOD03",2008,"UMCA",0,8,8
"751","HOOD03",2009,"UMCA",3,5,8
"752","HOOD03",2010,"UMCA",0,6,7
"753","HOOD03",2011,"UMCA",0,7,7
"754","HOOD03",2012,"UMCA",0,8,8
"755","HOOD03",2014,"UMCA",0,7,7
"756","HOOD04",2004,"UMCA",0,6,6
"757","HOOD04",2005,"UMCA",0,7,7
"758","HOOD04",2006,"UMCA",0,8,8
"759","HOOD04",2007,"UMCA",0,7,7
"760","HOOD04",2008,"UMCA",0,7,7
"761","HOOD04",2009,"UMCA",0,8,8
"762","HOOD04",2010,"UMCA",0,8,8
"763","HOOD04",2011,"UMCA",0,8,8
"764","HOOD04",2012,"UMCA",0,8,8
"765","HOOD04",2014,"UMCA",0,9,9
"766","HOOD05",2004,"UMCA",44,10,54
"767","HOOD05",2005,"UMCA",26,26,52
"768","HOOD05",2006,"UMCA",37,19,57
"769","HOOD05",2007,"UMCA",26,28,57
"770","HOOD05",2008,"UMCA",0,53,57
"771","HOOD05",2009,"UMCA",21,31,55
"772","HOOD05",2010,"UMCA",12,45,57
"773","HOOD05",2011,"UMCA",0,50,50
"774","HOOD05",2012,"UMCA",3,51,54
"775","HOOD05",2014,"UMCA",1,54,55
"776","HOOD07",2004,"UMCA",10,0,10
"777","HOOD07",2005,"UMCA",8,1,9
"778","HOOD07",2006,"UMCA",4,3,9
"779","HOOD07",2007,"UMCA",3,4,9
"780","HOOD07",2008,"UMCA",0,7,10
"781","HOOD07",2009,"UMCA",2,4,9
"782","HOOD07",2010,"UMCA",0,10,10
"783","HOOD07",2011,"UMCA",0,8,8
"784","HOOD07",2012,"UMCA",0,8,8
"785","HOOD07",2014,"UMCA",0,9,9
"786","JLSP01",2004,"UMCA",0,6,6
"787","JLSP01",2005,"UMCA",0,6,6
"788","JLSP01",2006,"UMCA",0,6,6
"789","JLSP01",2007,"UMCA",0,6,6
"790","JLSP01",2008,"UMCA",0,6,6
"791","JLSP01",2009,"UMCA",0,6,6
"792","JLSP01",2010,"UMCA",0,6,6
"793","JLSP01",2011,"UMCA",0,6,6
"794","JLSP01",2012,"UMCA",0,7,7
"795","JLSP01",2014,"UMCA",0,7,7
"796","JLSP02",2004,"UMCA",0,1,1
"797","JLSP02",2005,"UMCA",0,1,1
"798","JLSP02",2006,"UMCA",0,1,1
"799","JLSP02",2007,"UMCA",0,1,1
"800","JLSP02",2008,"UMCA",0,1,1
"801","JLSP02",2009,"UMCA",0,1,1
"802","JLSP02",2010,"UMCA",0,2,2
"803","JLSP02",2011,"UMCA",0,2,2
"804","JLSP02",2012,"UMCA",0,1,1
"805","JLSP02",2014,"UMCA",0,2,2
"806","JLSP03",2004,"UMCA",0,25,25
"807","JLSP03",2005,"UMCA",0,26,26
"808","JLSP03",2006,"UMCA",0,27,27
"809","JLSP03",2007,"UMCA",0,27,27
"810","JLSP03",2008,"UMCA",0,27,27
"811","JLSP03",2009,"UMCA",3,24,27
"812","JLSP03",2010,"UMCA",1,26,28
"813","JLSP03",2011,"UMCA",0,27,27
"814","JLSP03",2012,"UMCA",0,28,28
"815","JLSP03",2014,"UMCA",0,31,31
"816","JLSP04",2004,"UMCA",0,9,9
"817","JLSP04",2005,"UMCA",1,9,10
"818","JLSP04",2006,"UMCA",0,9,10
"819","JLSP04",2007,"UMCA",0,10,10
"820","JLSP04",2008,"UMCA",0,9,9
"821","JLSP04",2009,"UMCA",2,5,8
"822","JLSP04",2010,"UMCA",0,8,8
"823","JLSP04",2011,"UMCA",0,9,9
"824","JLSP04",2012,"UMCA",0,10,10
"825","JLSP04",2014,"UMCA",0,11,11
"826","JLSP05",2004,"UMCA",0,25,25
"827","JLSP05",2005,"UMCA",0,25,25
"828","JLSP05",2006,"UMCA",0,25,25
"829","JLSP05",2007,"UMCA",0,24,24
"830","JLSP05",2008,"UMCA",1,23,24
"831","JLSP05",2009,"UMCA",0,19,20
"832","JLSP05",2010,"UMCA",0,24,24
"833","JLSP05",2011,"UMCA",0,25,25
"834","JLSP05",2012,"UMCA",0,23,23
"835","JLSP05",2014,"UMCA",0,23,23
"836","JLSP07",2003,"UMCA",1,0,1
"837","JLSP07",2004,"UMCA",0,6,6
"838","JLSP07",2005,"UMCA",0,6,6
"839","JLSP07",2006,"UMCA",0,6,6
"840","JLSP07",2007,"UMCA",0,6,6
"841","JLSP07",2008,"UMCA",0,6,6
"842","JLSP07",2009,"UMCA",0,6,6
"843","JLSP07",2010,"UMCA",0,6,6
"844","JLSP07",2011,"UMCA",0,5,5
"845","JLSP07",2012,"UMCA",1,4,5
"846","JLSP07",2014,"UMCA",0,5,5
"847","JLSP08",2004,"UMCA",0,11,11
"848","JLSP08",2005,"UMCA",0,10,10
"849","JLSP08",2006,"UMCA",0,10,10
"850","JLSP08",2007,"UMCA",0,10,10
"851","JLSP08",2008,"UMCA",0,11,12
"852","JLSP08",2009,"UMCA",0,11,12
"853","JLSP08",2010,"UMCA",0,12,12
"854","JLSP08",2011,"UMCA",0,11,12
"855","JLSP08",2012,"UMCA",0,12,12
"856","JLSP08",2014,"UMCA",0,14,14
"857","JLSP10",2004,"UMCA",0,15,15
"858","JLSP10",2005,"UMCA",0,15,15
"859","JLSP10",2006,"UMCA",0,15,15
"860","JLSP10",2007,"UMCA",0,16,16
"861","JLSP10",2008,"UMCA",0,16,16
"862","JLSP10",2009,"UMCA",1,15,16
"863","JLSP10",2010,"UMCA",0,15,15
"864","JLSP10",2011,"UMCA",0,16,16
"865","JLSP10",2012,"UMCA",0,19,19
"866","JLSP10",2014,"UMCA",0,18,18
"867","JLSP13",2004,"UMCA",0,5,5
"868","JLSP13",2005,"UMCA",0,5,5
"869","JLSP13",2006,"UMCA",0,6,6
"870","JLSP13",2007,"UMCA",0,5,5
"871","JLSP13",2008,"UMCA",0,6,6
"872","JLSP13",2009,"UMCA",0,5,5
"873","JLSP13",2010,"UMCA",0,8,8
"874","JLSP13",2011,"UMCA",0,8,8
"875","JLSP13",2012,"UMCA",0,8,8
"876","JLSP13",2014,"UMCA",0,9,9
"877","JLSP14",2003,"UMCA",0,4,4
"878","JLSP14",2004,"UMCA",0,4,4
"879","JLSP14",2005,"UMCA",0,4,4
"880","JLSP14",2006,"UMCA",0,4,4
"881","JLSP14",2007,"UMCA",0,4,4
"882","JLSP14",2008,"UMCA",0,4,4
"883","JLSP14",2009,"UMCA",0,4,4
"884","JLSP14",2010,"UMCA",0,5,5
"885","JLSP14",2011,"UMCA",0,5,5
"886","JLSP14",2012,"UMCA",0,5,5
"887","JLSP14",2014,"UMCA",0,6,6
"888","JLSP15",2004,"UMCA",0,9,9
"889","JLSP15",2005,"UMCA",0,9,9
"890","JLSP15",2006,"UMCA",0,9,9
"891","JLSP15",2007,"UMCA",0,9,9
"892","JLSP15",2008,"UMCA",0,8,9
"893","JLSP15",2009,"UMCA",0,9,9
"894","JLSP15",2010,"UMCA",0,9,9
"895","JLSP15",2011,"UMCA",0,9,9
"896","JLSP15",2012,"UMCA",0,10,10
"897","JLSP15",2014,"UMCA",0,10,10
"898","JLSP16",2004,"UMCA",0,3,3
"899","JLSP16",2005,"UMCA",0,3,3
"900","JLSP16",2006,"UMCA",0,3,3
"901","JLSP16",2007,"UMCA",0,4,4
"902","JLSP16",2008,"UMCA",0,4,4
"903","JLSP16",2009,"UMCA",0,4,4
"904","JLSP16",2010,"UMCA",0,4,4
"905","JLSP16",2011,"UMCA",0,4,4
"906","JLSP16",2012,"UMCA",0,6,6
"907","JLSP16",2014,"UMCA",0,6,6
"908","JLSP17",2004,"UMCA",1,13,14
"909","JLSP17",2005,"UMCA",3,11,14
"910","JLSP17",2006,"UMCA",1,13,14
"911","JLSP17",2007,"UMCA",0,14,14
"912","JLSP17",2008,"UMCA",0,14,14
"913","JLSP17",2009,"UMCA",0,14,14
"914","JLSP17",2010,"UMCA",0,14,14
"915","JLSP17",2011,"UMCA",0,14,14
"916","JLSP17",2012,"UMCA",0,14,14
"917","JLSP17",2014,"UMCA",0,15,15
"918","JOHNS01",2004,"UMCA",0,11,11
"919","JOHNS01",2005,"UMCA",0,11,11
"920","JOHNS01",2006,"UMCA",0,12,12
"921","JOHNS01",2007,"UMCA",0,12,12
"922","JOHNS01",2008,"UMCA",0,12,12
"923","JOHNS01",2009,"UMCA",0,11,11
"924","JOHNS01",2010,"UMCA",0,15,15
"925","JOHNS01",2011,"UMCA",0,15,15
"926","JOHNS01",2012,"UMCA",0,17,17
"927","JOHNS01",2014,"UMCA",0,20,20
"928","JOHNS02",2003,"UMCA",1,0,1
"929","JOHNS02",2004,"UMCA",1,0,1
"930","JOHNS02",2005,"UMCA",1,0,1
"931","JOHNS02",2006,"UMCA",0,1,1
"932","JOHNS02",2007,"UMCA",0,1,1
"933","JOHNS02",2008,"UMCA",0,1,1
"934","JOHNS02",2009,"UMCA",0,1,1
"935","JOHNS02",2010,"UMCA",0,2,2
"936","JOHNS02",2011,"UMCA",0,2,2
"937","JOHNS02",2012,"UMCA",0,2,2
"938","JOHNS02",2014,"UMCA",0,2,2
"939","JROTH01",2004,"UMCA",0,14,14
"940","JROTH01",2005,"UMCA",0,14,14
"941","JROTH01",2006,"UMCA",0,14,14
"942","JROTH01",2007,"UMCA",0,15,15
"943","JROTH01",2008,"UMCA",0,15,15
"944","JROTH01",2009,"UMCA",3,12,15
"945","JROTH01",2010,"UMCA",0,15,15
"946","JROTH01",2011,"UMCA",0,15,15
"947","JROTH01",2012,"UMCA",0,15,15
"948","JROTH01",2014,"UMCA",1,14,15
"949","JROTH02",2004,"UMCA",0,19,19
"950","JROTH02",2005,"UMCA",2,18,20
"951","JROTH02",2006,"UMCA",1,19,20
"952","JROTH02",2007,"UMCA",0,20,20
"953","JROTH02",2008,"UMCA",0,20,20
"954","JROTH02",2009,"UMCA",0,19,19
"955","JROTH02",2010,"UMCA",1,19,20
"956","JROTH02",2011,"UMCA",2,18,20
"957","JROTH02",2012,"UMCA",0,20,20
"958","JROTH02",2014,"UMCA",1,19,20
"959","JROTH03",2004,"UMCA",2,25,27
"960","JROTH03",2005,"UMCA",0,27,27
"961","JROTH03",2006,"UMCA",4,23,27
"962","JROTH03",2007,"UMCA",1,33,35
"963","JROTH03",2008,"UMCA",5,28,34
"964","JROTH03",2009,"UMCA",0,33,33
"965","JROTH03",2010,"UMCA",1,31,32
"966","JROTH03",2011,"UMCA",3,29,32
"967","JROTH03",2012,"UMCA",0,33,33
"968","JROTH03",2014,"UMCA",3,29,32
"969","JROTH04",2004,"UMCA",0,4,4
"970","JROTH04",2005,"UMCA",0,4,4
"971","JROTH04",2006,"UMCA",1,3,4
"972","JROTH04",2007,"UMCA",1,3,4
"973","JROTH04",2008,"UMCA",0,3,3
"974","JROTH04",2009,"UMCA",0,3,3
"975","JROTH04",2010,"UMCA",1,2,3
"976","JROTH04",2011,"UMCA",0,3,3
"977","JROTH04",2012,"UMCA",0,3,3
"978","JROTH04",2014,"UMCA",0,2,2
"979","JROTH05",2004,"UMCA",2,42,45
"980","JROTH05",2005,"UMCA",2,43,45
"981","JROTH05",2006,"UMCA",4,40,44
"982","JROTH05",2007,"UMCA",1,41,43
"983","JROTH05",2008,"UMCA",4,38,43
"984","JROTH05",2009,"UMCA",8,34,42
"985","JROTH05",2010,"UMCA",0,42,44
"986","JROTH05",2011,"UMCA",0,42,42
"987","JROTH05",2012,"UMCA",0,43,43
"988","JROTH05",2014,"UMCA",2,40,42
"989","KLASS01",2004,"UMCA",1,0,1
"990","KLASS01",2005,"UMCA",1,0,1
"991","KLASS01",2006,"UMCA",0,1,1
"992","KLASS01",2007,"UMCA",0,1,1
"993","KLASS01",2008,"UMCA",0,1,1
"994","KLASS01",2009,"UMCA",0,1,1
"995","KLASS01",2010,"UMCA",0,1,1
"996","KLASS01",2011,"UMCA",0,1,1
"997","KLASS01",2012,"UMCA",0,1,1
"998","KLASS01",2014,"UMCA",0,1,1
"999","KLASS02",2004,"UMCA",0,12,12
"1000","KLASS02",2005,"UMCA",0,12,12
"1001","KLASS02",2006,"UMCA",0,12,12
"1002","KLASS02",2007,"UMCA",0,12,12
"1003","KLASS02",2008,"UMCA",0,11,11
"1004","KLASS02",2009,"UMCA",0,12,12
"1005","KLASS02",2010,"UMCA",0,12,12
"1006","KLASS02",2011,"UMCA",0,11,12
"1007","KLASS02",2012,"UMCA",0,13,13
"1008","KLASS02",2014,"UMCA",0,13,13
"1009","KUNDE01",2004,"UMCA",2,3,5
"1010","KUNDE01",2005,"UMCA",5,0,5
"1011","KUNDE01",2006,"UMCA",2,3,5
"1012","KUNDE01",2007,"UMCA",0,5,5
"1013","KUNDE01",2008,"UMCA",0,5,5
"1014","KUNDE01",2009,"UMCA",0,5,5
"1015","KUNDE01",2010,"UMCA",0,5,5
"1016","KUNDE01",2011,"UMCA",0,5,5
"1017","KUNDE01",2012,"UMCA",0,6,6
"1018","KUNDE01",2014,"UMCA",0,6,6
"1019","KUNDE02",2004,"UMCA",3,2,5
"1020","KUNDE02",2005,"UMCA",4,1,5
"1021","KUNDE02",2006,"UMCA",3,2,5
"1022","KUNDE02",2007,"UMCA",0,5,5
"1023","KUNDE02",2008,"UMCA",0,5,5
"1024","KUNDE02",2009,"UMCA",1,4,5
"1025","KUNDE02",2010,"UMCA",0,5,5
"1026","KUNDE02",2011,"UMCA",0,6,6
"1027","KUNDE02",2012,"UMCA",0,11,11
"1028","KUNDE02",2014,"UMCA",0,11,11
"1029","KUNDE04",2004,"UMCA",1,2,3
"1030","KUNDE04",2005,"UMCA",3,0,3
"1031","KUNDE04",2006,"UMCA",0,3,3
"1032","KUNDE04",2007,"UMCA",0,3,3
"1033","KUNDE04",2008,"UMCA",0,3,3
"1034","KUNDE04",2009,"UMCA",1,2,3
"1035","KUNDE04",2010,"UMCA",0,3,3
"1036","KUNDE04",2011,"UMCA",0,3,3
"1037","KUNDE04",2012,"UMCA",0,3,3
"1038","KUNDE04",2014,"UMCA",0,3,3
"1039","LARS01",2004,"UMCA",15,0,15
"1040","LARS01",2005,"UMCA",16,0,16
"1041","LARS01",2006,"UMCA",14,2,16
"1042","LARS01",2007,"UMCA",11,5,16
"1043","LARS01",2008,"UMCA",0,16,16
"1044","LARS01",2009,"UMCA",0,16,16
"1045","LARS01",2010,"UMCA",3,13,16
"1046","LARS01",2011,"UMCA",1,15,16
"1047","LARS01",2012,"UMCA",0,16,16
"1048","LARS01",2014,"UMCA",0,16,16
"1049","LAZY04",2004,"UMCA",22,45,67
"1050","LAZY04",2005,"UMCA",25,43,68
"1051","LAZY04",2006,"UMCA",6,61,68
"1052","LAZY04",2007,"UMCA",0,67,67
"1053","LAZY04",2008,"UMCA",0,66,66
"1054","LAZY04",2009,"UMCA",1,64,65
"1055","LAZY04",2010,"UMCA",0,68,68
"1056","LAZY04",2011,"UMCA",1,75,76
"1057","LAZY04",2012,"UMCA",3,80,83
"1058","LAZY04",2014,"UMCA",2,79,81
"1059","LAZY05",2004,"UMCA",3,1,4
"1060","LAZY05",2005,"UMCA",2,2,4
"1061","LAZY05",2006,"UMCA",4,0,4
"1062","LAZY05",2007,"UMCA",0,4,4
"1063","LAZY05",2008,"UMCA",0,4,4
"1064","LAZY05",2009,"UMCA",0,4,4
"1065","LAZY05",2010,"UMCA",0,4,4
"1066","LAZY05",2011,"UMCA",0,4,4
"1067","LAZY05",2012,"UMCA",0,6,6
"1068","LAZY05",2014,"UMCA",0,8,8
"1069","LINS01",2004,"UMCA",1,15,16
"1070","LINS01",2005,"UMCA",0,17,17
"1071","LINS01",2006,"UMCA",0,20,20
"1072","LINS01",2007,"UMCA",1,19,20
"1073","LINS01",2008,"UMCA",0,19,19
"1074","LINS01",2009,"UMCA",0,15,15
"1075","LINS01",2010,"UMCA",0,15,15
"1076","LINS01",2011,"UMCA",0,15,15
"1077","LINS01",2012,"UMCA",0,17,17
"1078","LINS01",2014,"UMCA",0,18,18
"1079","LUPIN01",2004,"UMCA",1,8,9
"1080","LUPIN01",2005,"UMCA",0,12,12
"1081","LUPIN01",2006,"UMCA",0,12,12
"1082","LUPIN01",2007,"UMCA",1,10,12
"1083","LUPIN01",2008,"UMCA",0,9,11
"1084","LUPIN01",2009,"UMCA",0,9,9
"1085","LUPIN01",2010,"UMCA",1,11,12
"1086","LUPIN01",2011,"UMCA",0,11,11
"1087","LUPIN01",2012,"UMCA",0,12,12
"1088","LUPIN01",2014,"UMCA",0,11,11
"1089","MACKI01",2004,"UMCA",0,1,1
"1090","MACKI01",2005,"UMCA",1,0,1
"1091","MACKI01",2006,"UMCA",0,1,1
"1092","MACKI01",2007,"UMCA",0,1,1
"1093","MACKI01",2008,"UMCA",0,1,1
"1094","MACKI01",2009,"UMCA",0,1,1
"1095","MACKI01",2010,"UMCA",0,1,1
"1096","MACKI01",2011,"UMCA",0,1,1
"1097","MACKI01",2012,"UMCA",0,1,1
"1098","MACKI01",2014,"UMCA",0,1,1
"1099","MCCOR01",2004,"UMCA",0,7,7
"1100","MCCOR01",2005,"UMCA",0,7,7
"1101","MCCOR01",2006,"UMCA",1,6,7
"1102","MCCOR01",2007,"UMCA",1,6,7
"1103","MCCOR01",2008,"UMCA",0,7,7
"1104","MCCOR01",2009,"UMCA",1,6,7
"1105","MCCOR01",2010,"UMCA",0,9,9
"1106","MCCOR01",2011,"UMCA",0,9,9
"1107","MCCOR01",2012,"UMCA",0,9,9
"1108","MCCOR01",2014,"UMCA",0,10,10
"1109","MCCOR05",2004,"UMCA",4,3,7
"1110","MCCOR05",2005,"UMCA",2,5,7
"1111","MCCOR05",2006,"UMCA",1,7,8
"1112","MCCOR05",2007,"UMCA",0,8,8
"1113","MCCOR05",2008,"UMCA",0,8,8
"1114","MCCOR05",2009,"UMCA",0,8,8
"1115","MCCOR05",2010,"UMCA",0,8,8
"1116","MCCOR05",2011,"UMCA",0,8,8
"1117","MCCOR05",2012,"UMCA",0,8,8
"1118","MCCOR05",2014,"UMCA",0,8,8
"1119","MCNEIL01",2004,"UMCA",18,1,19
"1120","MCNEIL01",2005,"UMCA",18,1,19
"1121","MCNEIL01",2006,"UMCA",20,0,20
"1122","MCNEIL01",2007,"UMCA",0,21,21
"1123","MCNEIL01",2008,"UMCA",0,21,21
"1124","MCNEIL03",2004,"UMCA",10,0,10
"1125","MCNEIL03",2005,"UMCA",7,3,10
"1126","MCNEIL03",2006,"UMCA",10,0,10
"1127","MCNEIL03",2007,"UMCA",10,0,10
"1128","MCNEIL03",2008,"UMCA",9,3,12
"1129","MCNEIL03",2009,"UMCA",0,12,12
"1130","MCNEIL03",2010,"UMCA",1,11,12
"1131","MCNEIL03",2011,"UMCA",0,15,15
"1132","MCNEIL03",2012,"UMCA",1,14,15
"1133","MESCH01",2004,"UMCA",2,21,23
"1134","MESCH01",2005,"UMCA",6,17,23
"1135","MESCH01",2006,"UMCA",0,24,24
"1136","MESCH01",2007,"UMCA",1,22,23
"1137","MESCH01",2008,"UMCA",2,21,23
"1138","MESCH01",2009,"UMCA",0,23,23
"1139","MESCH01",2010,"UMCA",0,24,24
"1140","MESCH01",2011,"UMCA",0,24,24
"1141","MESCH01",2012,"UMCA",0,23,23
"1142","MESCH01",2014,"UMCA",1,22,23
"1143","MITSU01",2004,"UMCA",0,16,16
"1144","MITSU01",2005,"UMCA",0,16,16
"1145","MITSU01",2006,"UMCA",0,17,17
"1146","MITSU01",2007,"UMCA",0,18,18
"1147","MITSU01",2008,"UMCA",0,18,18
"1148","MITSU01",2009,"UMCA",0,18,18
"1149","MITSU01",2010,"UMCA",0,18,18
"1150","MITSU01",2011,"UMCA",0,19,19
"1151","MITSU01",2012,"UMCA",0,19,19
"1152","MITSU01",2014,"UMCA",0,17,17
"1153","MITSU02",2003,"UMCA",0,4,4
"1154","MITSU02",2005,"UMCA",0,4,4
"1155","MITSU02",2006,"UMCA",0,4,4
"1156","MITSU02",2007,"UMCA",0,4,4
"1157","MITSU02",2008,"UMCA",0,4,4
"1158","MITSU02",2009,"UMCA",1,3,4
"1159","MITSU02",2010,"UMCA",0,4,4
"1160","MITSU02",2011,"UMCA",0,4,4
"1161","MITSU02",2012,"UMCA",0,4,4
"1162","MITSU02",2014,"UMCA",0,4,4
"1163","MITSU03",2004,"UMCA",0,9,9
"1164","MITSU03",2005,"UMCA",0,11,11
"1165","MITSU03",2006,"UMCA",0,11,11
"1166","MITSU03",2007,"UMCA",1,10,11
"1167","MITSU03",2008,"UMCA",0,10,10
"1168","MITSU03",2009,"UMCA",0,10,10
"1169","MITSU03",2010,"UMCA",0,10,10
"1170","MITSU03",2011,"UMCA",0,10,10
"1171","MITSU03",2012,"UMCA",0,10,10
"1172","MITSU03",2014,"UMCA",0,10,10
"1173","MITSU04",2004,"UMCA",0,2,2
"1174","MITSU04",2005,"UMCA",0,3,3
"1175","MITSU04",2006,"UMCA",0,3,3
"1176","MITSU04",2007,"UMCA",0,3,3
"1177","MITSU04",2008,"UMCA",0,3,3
"1178","MITSU04",2009,"UMCA",0,3,3
"1179","MITSU04",2010,"UMCA",0,6,6
"1180","MITSU04",2011,"UMCA",0,7,7
"1181","MITSU04",2012,"UMCA",0,7,7
"1182","MITSU04",2014,"UMCA",0,7,7
"1183","MOREL01",2004,"UMCA",1,8,9
"1184","MOREL01",2005,"UMCA",4,5,9
"1185","MOREL01",2006,"UMCA",0,10,10
"1186","MOREL01",2007,"UMCA",0,10,10
"1187","MOREL01",2008,"UMCA",0,11,11
"1188","MOREL01",2009,"UMCA",0,11,11
"1189","MOREL01",2010,"UMCA",0,11,11
"1190","MOREL01",2011,"UMCA",1,10,11
"1191","MOREL01",2012,"UMCA",0,10,10
"1192","MOREL01",2014,"UMCA",0,10,10
"1193","MOREL02",2004,"UMCA",0,5,5
"1194","MOREL02",2005,"UMCA",5,0,5
"1195","MOREL02",2006,"UMCA",0,5,5
"1196","MOREL02",2007,"UMCA",0,5,5
"1197","MOREL02",2008,"UMCA",0,5,5
"1198","MOREL02",2009,"UMCA",0,5,5
"1199","MOREL02",2010,"UMCA",0,6,6
"1200","MOREL02",2011,"UMCA",0,6,6
"1201","MOREL02",2012,"UMCA",0,6,6
"1202","MOREL02",2014,"UMCA",0,8,8
"1203","MROTH01",2004,"UMCA",0,18,18
"1204","MROTH01",2005,"UMCA",0,19,19
"1205","MROTH01",2006,"UMCA",0,19,19
"1206","MROTH01",2007,"UMCA",0,19,19
"1207","MROTH01",2008,"UMCA",0,19,19
"1208","MROTH01",2009,"UMCA",0,19,19
"1209","MROTH01",2010,"UMCA",0,20,20
"1210","MROTH01",2011,"UMCA",0,20,20
"1211","MROTH01",2012,"UMCA",0,20,20
"1212","MROTH01",2014,"UMCA",0,20,20
"1213","MROTH02",2004,"UMCA",1,12,13
"1214","MROTH02",2005,"UMCA",0,12,12
"1215","MROTH02",2006,"UMCA",0,12,12
"1216","MROTH02",2007,"UMCA",0,12,12
"1217","MROTH02",2008,"UMCA",0,12,12
"1218","MROTH02",2009,"UMCA",0,12,12
"1219","MROTH02",2010,"UMCA",0,12,12
"1220","MROTH02",2011,"UMCA",0,14,14
"1221","MROTH02",2012,"UMCA",0,14,14
"1222","MROTH02",2014,"UMCA",0,16,16
"1223","MUTTE01",2004,"UMCA",21,14,35
"1224","MUTTE01",2005,"UMCA",20,15,35
"1225","MUTTE01",2006,"UMCA",12,23,35
"1226","MUTTE01",2007,"UMCA",3,33,36
"1227","MUTTE01",2008,"UMCA",1,35,36
"1228","MUTTE01",2009,"UMCA",0,35,36
"1229","MUTTE01",2010,"UMCA",0,36,36
"1230","MUTTE01",2011,"UMCA",0,37,37
"1231","MUTTE01",2012,"UMCA",0,39,39
"1232","MUTTE01",2014,"UMCA",1,39,40
"1233","MUTTE02",2004,"UMCA",0,21,21
"1234","MUTTE02",2005,"UMCA",0,21,21
"1235","MUTTE02",2006,"UMCA",0,21,21
"1236","MUTTE02",2007,"UMCA",0,23,23
"1237","MUTTE02",2008,"UMCA",0,23,23
"1238","MUTTE02",2009,"UMCA",0,23,23
"1239","MUTTE02",2010,"UMCA",0,24,24
"1240","MUTTE02",2011,"UMCA",0,23,23
"1241","MUTTE02",2012,"UMCA",0,22,22
"1242","MUTTE02",2014,"UMCA",1,24,25
"1243","NELSO01",2004,"UMCA",3,2,5
"1244","NELSO01",2005,"UMCA",2,3,5
"1245","NELSO01",2006,"UMCA",4,1,5
"1246","NELSO01",2007,"UMCA",0,5,5
"1247","NELSO01",2008,"UMCA",0,5,5
"1248","NELSO01",2009,"UMCA",0,5,5
"1249","NELSO01",2010,"UMCA",0,7,7
"1250","NELSO01",2011,"UMCA",0,7,7
"1251","NELSO01",2012,"UMCA",0,8,8
"1252","NELSO01",2014,"UMCA",0,8,8
"1253","NELSO02",2004,"UMCA",9,0,9
"1254","NELSO02",2005,"UMCA",7,2,9
"1255","NELSO02",2006,"UMCA",9,0,9
"1256","NELSO02",2007,"UMCA",3,6,9
"1257","NELSO02",2008,"UMCA",0,9,9
"1258","NELSO02",2009,"UMCA",0,8,8
"1259","NELSO02",2010,"UMCA",0,8,8
"1260","NELSO02",2011,"UMCA",1,7,8
"1261","NELSO02",2012,"UMCA",0,8,8
"1262","NELSO02",2014,"UMCA",0,8,8
"1263","OTELL01",2004,"UMCA",0,4,4
"1264","OTELL01",2005,"UMCA",4,0,4
"1265","OTELL01",2006,"UMCA",1,3,4
"1266","OTELL01",2007,"UMCA",0,4,4
"1267","OTELL01",2008,"UMCA",0,4,4
"1268","OTELL01",2009,"UMCA",0,4,4
"1269","OTELL01",2010,"UMCA",0,3,4
"1270","OTELL01",2011,"UMCA",0,4,4
"1271","OTELL01",2012,"UMCA",0,7,7
"1272","OTELL01",2014,"UMCA",0,7,7
"1273","PARDI01",2004,"UMCA",0,20,20
"1274","PARDI01",2005,"UMCA",0,20,20
"1275","PARDI01",2006,"UMCA",0,20,20
"1276","PARDI01",2007,"UMCA",1,19,20
"1277","PARDI01",2008,"UMCA",0,19,19
"1278","PARDI01",2009,"UMCA",2,17,19
"1279","PARDI01",2010,"UMCA",1,18,19
"1280","PARDI01",2011,"UMCA",0,19,19
"1281","PARDI01",2012,"UMCA",0,20,20
"1282","PARDI01",2014,"UMCA",0,20,20
"1283","PARSO01",2004,"UMCA",0,2,2
"1284","PARSO01",2005,"UMCA",3,0,3
"1285","PARSO01",2006,"UMCA",3,0,3
"1286","PARSO01",2007,"UMCA",0,3,3
"1287","PARSO01",2008,"UMCA",0,3,3
"1288","PARSO01",2009,"UMCA",0,3,3
"1289","PARSO01",2010,"UMCA",0,3,3
"1290","PARSO01",2011,"UMCA",0,3,3
"1291","PARSO01",2012,"UMCA",0,3,3
"1292","PARSO01",2014,"UMCA",0,3,3
"1293","PETSN01",2004,"UMCA",0,8,8
"1294","PETSN01",2005,"UMCA",3,5,8
"1295","PETSN01",2006,"UMCA",0,9,9
"1296","PETSN01",2007,"UMCA",0,8,8
"1297","PETSN01",2008,"UMCA",0,8,8
"1298","PETSN01",2009,"UMCA",1,7,8
"1299","PETSN01",2010,"UMCA",0,8,8
"1300","PETSN01",2011,"UMCA",0,8,8
"1301","PETSN01",2012,"UMCA",0,8,8
"1302","PETSN01",2014,"UMCA",0,9,9
"1303","PFEND02",2004,"UMCA",0,11,11
"1304","PFEND02",2005,"UMCA",0,11,11
"1305","PFEND02",2006,"UMCA",0,11,11
"1306","PFEND02",2007,"UMCA",0,11,11
"1307","PFEND02",2008,"UMCA",0,11,11
"1308","PFEND02",2009,"UMCA",0,11,11
"1309","PFEND02",2010,"UMCA",0,11,11
"1310","PFEND02",2011,"UMCA",0,11,11
"1311","PFEND02",2012,"UMCA",0,13,13
"1312","PFEND02",2014,"UMCA",0,17,17
"1313","PONTI02",2004,"UMCA",10,56,66
"1314","PONTI02",2005,"UMCA",15,49,65
"1315","PONTI02",2006,"UMCA",0,69,69
"1316","PONTI02",2007,"UMCA",0,68,68
"1317","PONTI02",2008,"UMCA",0,67,67
"1318","PONTI02",2009,"UMCA",2,66,68
"1319","PONTI02",2010,"UMCA",0,70,70
"1320","PONTI02",2011,"UMCA",1,66,67
"1321","PONTI02",2012,"UMCA",0,69,69
"1322","PONTI02",2014,"UMCA",7,61,68
"1323","REDDE01",2004,"UMCA",8,0,8
"1324","REDDE01",2005,"UMCA",0,8,8
"1325","REDDE01",2006,"UMCA",1,7,9
"1326","REDDE01",2007,"UMCA",1,7,9
"1327","REDDE01",2008,"UMCA",0,8,9
"1328","REDDE01",2009,"UMCA",0,8,9
"1329","REDDE01",2010,"UMCA",0,9,9
"1330","REDDE01",2011,"UMCA",0,8,8
"1331","REDDE01",2012,"UMCA",0,9,9
"1332","REDDE01",2014,"UMCA",0,8,8
"1333","REDDE02",2004,"UMCA",1,1,2
"1334","REDDE02",2005,"UMCA",0,2,2
"1335","REDDE02",2006,"UMCA",0,2,2
"1336","REDDE02",2007,"UMCA",0,2,2
"1337","REDDE02",2008,"UMCA",0,2,2
"1338","REDDE02",2009,"UMCA",0,3,3
"1339","REDDE02",2010,"UMCA",0,3,3
"1340","REDDE02",2011,"UMCA",0,3,3
"1341","REDDE02",2012,"UMCA",0,3,3
"1342","REDDE02",2014,"UMCA",0,3,3
"1343","SAWI01",2004,"UMCA",0,16,16
"1344","SAWI01",2005,"UMCA",2,14,16
"1345","SAWI01",2006,"UMCA",0,19,19
"1346","SAWI01",2007,"UMCA",0,19,19
"1347","SAWI01",2008,"UMCA",0,19,19
"1348","SAWI01",2009,"UMCA",0,19,19
"1349","SAWI01",2010,"UMCA",0,19,19
"1350","SAWI01",2011,"UMCA",0,19,19
"1351","SAWI01",2012,"UMCA",0,19,19
"1352","SAWI01",2014,"UMCA",0,19,19
"1353","SCHIEK01",2004,"UMCA",5,8,13
"1354","SCHIEK01",2005,"UMCA",5,8,13
"1355","SCHIEK01",2006,"UMCA",1,12,13
"1356","SCHIEK01",2007,"UMCA",0,13,13
"1357","SCHIEK01",2008,"UMCA",0,13,13
"1358","SCHIEK01",2009,"UMCA",0,13,13
"1359","SCHIEK01",2010,"UMCA",0,13,13
"1360","SCHIEK01",2011,"UMCA",0,13,13
"1361","SCHIEK01",2012,"UMCA",0,13,13
"1362","SCHIEK01",2014,"UMCA",0,13,13
"1363","SDC01",2004,"UMCA",0,8,8
"1364","SDC01",2005,"UMCA",0,8,8
"1365","SDC01",2006,"UMCA",0,8,8
"1366","SDC01",2007,"UMCA",0,8,8
"1367","SDC01",2008,"UMCA",0,8,8
"1368","SDC01",2009,"UMCA",0,8,8
"1369","SDC01",2010,"UMCA",0,8,8
"1370","SDC01",2011,"UMCA",0,8,8
"1371","SDC01",2012,"UMCA",0,8,8
"1372","SDC01",2014,"UMCA",0,8,8
"1373","SDC02",2004,"UMCA",1,25,26
"1374","SDC02",2005,"UMCA",1,25,26
"1375","SDC02",2006,"UMCA",0,27,27
"1376","SDC02",2007,"UMCA",0,27,27
"1377","SDC02",2008,"UMCA",0,27,27
"1378","SDC02",2009,"UMCA",0,27,27
"1379","SDC02",2010,"UMCA",2,24,26
"1380","SDC02",2011,"UMCA",0,26,26
"1381","SDC02",2012,"UMCA",0,25,25
"1382","SDC02",2014,"UMCA",0,23,23
"1383","SDC03",2004,"UMCA",0,10,10
"1384","SDC03",2005,"UMCA",0,10,10
"1385","SDC03",2006,"UMCA",0,10,10
"1386","SDC03",2007,"UMCA",2,8,10
"1387","SDC03",2008,"UMCA",0,10,10
"1388","SDC03",2009,"UMCA",0,10,10
"1389","SDC03",2010,"UMCA",0,11,11
"1390","SDC03",2011,"UMCA",0,11,11
"1391","SDC03",2012,"UMCA",0,11,11
"1392","SDC03",2014,"UMCA",0,11,11
"1393","SDC05",2004,"UMCA",0,1,1
"1394","SDC05",2005,"UMCA",0,1,1
"1395","SDC05",2006,"UMCA",1,0,1
"1396","SDC05",2007,"UMCA",0,1,1
"1397","SDC05",2008,"UMCA",0,1,1
"1398","SDC05",2009,"UMCA",0,1,1
"1399","SDC05",2010,"UMCA",0,1,1
"1400","SDC05",2011,"UMCA",0,1,1
"1401","SDC05",2012,"UMCA",0,1,1
"1402","SDC05",2014,"UMCA",0,1,1
"1403","SDC06",2004,"UMCA",0,2,2
"1404","SDC06",2005,"UMCA",0,2,2
"1405","SDC06",2006,"UMCA",3,0,3
"1406","SDC06",2007,"UMCA",1,2,3
"1407","SDC06",2008,"UMCA",0,3,3
"1408","SDC06",2009,"UMCA",0,3,3
"1409","SDC06",2010,"UMCA",0,5,5
"1410","SDC06",2011,"UMCA",0,5,5
"1411","SDC06",2012,"UMCA",0,6,6
"1412","SDC06",2014,"UMCA",0,7,7
"1413","SECRET01",2004,"UMCA",3,2,5
"1414","SECRET01",2005,"UMCA",5,0,5
"1415","SECRET01",2006,"UMCA",5,0,5
"1416","SECRET01",2007,"UMCA",0,5,5
"1417","SECRET01",2008,"UMCA",0,5,5
"1418","SECRET01",2009,"UMCA",0,5,5
"1419","SECRET01",2010,"UMCA",3,2,5
"1420","SECRET01",2011,"UMCA",2,3,5
"1421","SECRET01",2012,"UMCA",0,5,5
"1422","SECRET01",2014,"UMCA",0,4,4
"1423","SECRET02",2004,"UMCA",12,10,22
"1424","SECRET02",2005,"UMCA",15,7,22
"1425","SECRET02",2006,"UMCA",15,6,21
"1426","SECRET02",2007,"UMCA",2,19,21
"1427","SECRET02",2008,"UMCA",0,21,21
"1428","SECRET02",2009,"UMCA",4,17,21
"1429","SECRET02",2010,"UMCA",0,20,20
"1430","SECRET02",2011,"UMCA",1,20,21
"1431","SECRET02",2012,"UMCA",0,22,22
"1432","SECRET02",2014,"UMCA",0,23,23
"1433","SECRET03",2004,"UMCA",10,5,15
"1434","SECRET03",2005,"UMCA",11,4,15
"1435","SECRET03",2006,"UMCA",12,3,15
"1436","SECRET03",2007,"UMCA",6,9,15
"1437","SECRET03",2008,"UMCA",0,15,15
"1438","SECRET03",2009,"UMCA",4,11,15
"1439","SECRET03",2010,"UMCA",0,14,14
"1440","SECRET03",2011,"UMCA",0,15,15
"1441","SECRET03",2012,"UMCA",0,15,15
"1442","SECRET03",2014,"UMCA",1,14,15
"1443","SKILE01",2004,"UMCA",1,11,12
"1444","SKILE01",2005,"UMCA",2,10,12
"1445","SKILE01",2006,"UMCA",0,12,12
"1446","SKILE01",2007,"UMCA",0,12,12
"1447","SKILE01",2008,"UMCA",0,12,12
"1448","SKILE01",2009,"UMCA",0,12,12
"1449","SKILE01",2010,"UMCA",1,11,12
"1450","SKILE01",2011,"UMCA",0,13,13
"1451","SKILE01",2012,"UMCA",0,13,13
"1452","SKILE01",2014,"UMCA",0,14,14
"1453","SPAUL01",2004,"UMCA",9,2,11
"1454","SPAUL01",2005,"UMCA",8,3,11
"1455","SPAUL01",2006,"UMCA",0,12,12
"1456","SPAUL01",2007,"UMCA",0,12,12
"1457","SPAUL01",2008,"UMCA",1,11,12
"1458","SPAUL01",2009,"UMCA",1,11,12
"1459","SPAUL01",2010,"UMCA",0,12,12
"1460","SPAUL01",2011,"UMCA",0,13,13
"1461","SPAUL01",2012,"UMCA",0,14,14
"1462","SPAUL01",2014,"UMCA",0,13,13
"1463","SPAUL02",2004,"UMCA",0,2,2
"1464","SPAUL02",2005,"UMCA",1,1,2
"1465","SPAUL02",2006,"UMCA",0,2,2
"1466","SPAUL02",2007,"UMCA",0,2,2
"1467","SPAUL02",2008,"UMCA",0,2,2
"1468","SPAUL02",2009,"UMCA",0,2,2
"1469","SPAUL02",2010,"UMCA",0,2,2
"1470","SPAUL02",2011,"UMCA",0,2,2
"1471","SPAUL02",2012,"UMCA",0,2,2
"1472","SPAUL02",2014,"UMCA",0,1,1
"1473","SPIVY01",2004,"UMCA",3,1,4
"1474","SPIVY01",2005,"UMCA",4,0,4
"1475","SPIVY01",2006,"UMCA",0,4,4
"1476","SPIVY01",2007,"UMCA",0,4,4
"1477","SPIVY01",2008,"UMCA",0,4,4
"1478","SPIVY01",2009,"UMCA",0,4,4
"1479","SPIVY01",2010,"UMCA",0,4,4
"1480","SPIVY01",2011,"UMCA",0,4,4
"1481","SPIVY01",2012,"UMCA",0,4,4
"1482","SPIVY01",2014,"UMCA",0,4,4
"1483","STATE123",2004,"UMCA",3,1,4
"1484","STATE123",2005,"UMCA",4,0,4
"1485","STATE123",2006,"UMCA",2,2,4
"1486","STATE123",2007,"UMCA",1,3,4
"1487","STATE123",2008,"UMCA",0,3,3
"1488","STATE123",2009,"UMCA",0,3,3
"1489","STATE123",2010,"UMCA",0,3,3
"1490","STATE123",2011,"UMCA",0,3,3
"1491","STATE123",2012,"UMCA",0,3,3
"1492","STATE123",2014,"UMCA",1,3,4
"1493","SUGAR01",2004,"UMCA",5,8,13
"1494","SUGAR01",2005,"UMCA",11,2,13
"1495","SUGAR01",2006,"UMCA",10,2,13
"1496","SUGAR01",2007,"UMCA",0,13,13
"1497","SUGAR01",2008,"UMCA",0,13,13
"1498","SUGAR01",2009,"UMCA",1,12,13
"1499","SUGAR01",2010,"UMCA",1,12,13
"1500","SUGAR01",2011,"UMCA",0,13,13
"1501","SUGAR01",2012,"UMCA",2,12,14
"1502","SUGAR01",2014,"UMCA",2,12,14
"1503","SUGAR02",2004,"UMCA",3,8,11
"1504","SUGAR04",2004,"UMCA",2,10,12
"1505","SUGAR04",2005,"UMCA",6,6,12
"1506","SUGAR04",2006,"UMCA",10,2,12
"1507","SUGAR04",2007,"UMCA",0,11,11
"1508","SUGAR04",2008,"UMCA",0,11,11
"1509","SUGAR04",2009,"UMCA",0,11,11
"1510","SUGAR04",2010,"UMCA",0,11,11
"1511","SUGAR04",2011,"UMCA",0,11,11
"1512","SUGAR04",2012,"UMCA",0,11,11
"1513","SUGAR04",2014,"UMCA",0,11,11
"1514","SUGAR05",2004,"UMCA",1,5,6
"1515","SUGAR05",2005,"UMCA",0,6,6
"1516","SUGAR05",2006,"UMCA",0,6,6
"1517","SUGAR05",2007,"UMCA",0,6,6
"1518","SUGAR05",2008,"UMCA",0,6,6
"1519","SUGAR05",2009,"UMCA",2,4,6
"1520","SUGAR05",2010,"UMCA",0,6,6
"1521","SUGAR05",2011,"UMCA",0,7,7
"1522","SUGAR05",2012,"UMCA",0,7,7
"1523","SUGAR05",2014,"UMCA",0,7,7
"1524","SUGAR07",2004,"UMCA",6,10,16
"1525","SUGAR07",2005,"UMCA",6,11,17
"1526","SUGAR07",2006,"UMCA",0,16,16
"1527","SUGAR07",2007,"UMCA",0,16,16
"1528","SUGAR07",2008,"UMCA",0,16,16
"1529","SUGAR07",2009,"UMCA",0,16,16
"1530","SUGAR07",2010,"UMCA",0,14,14
"1531","SUGAR07",2011,"UMCA",0,15,15
"1532","SUGAR07",2012,"UMCA",0,15,15
"1533","SUGAR07",2014,"UMCA",0,15,15
"1534","SUGAR08",2005,"UMCA",7,18,25
"1535","SUGAR08",2006,"UMCA",14,11,25
"1536","SUGAR08",2007,"UMCA",0,25,25
"1537","SUGAR08",2008,"UMCA",0,25,25
"1538","SUGAR08",2009,"UMCA",1,25,26
"1539","SUGAR08",2010,"UMCA",0,28,28
"1540","SUGAR08",2011,"UMCA",0,25,25
"1541","SUGAR08",2012,"UMCA",0,26,26
"1542","SUGAR08",2014,"UMCA",0,29,29
"1543","SUGAR09",2004,"UMCA",4,4,8
"1544","SUGAR09",2005,"UMCA",6,2,8
"1545","SUGAR09",2006,"UMCA",1,7,8
"1546","SUGAR09",2007,"UMCA",0,8,8
"1547","SUGAR09",2008,"UMCA",0,9,9
"1548","SUGAR09",2009,"UMCA",1,7,8
"1549","SUGAR09",2010,"UMCA",2,5,7
"1550","SUGAR09",2011,"UMCA",2,5,7
"1551","SUGAR09",2012,"UMCA",0,6,6
"1552","SUGAR09",2014,"UMCA",0,7,7
"1553","SUGAR11",2004,"UMCA",0,3,3
"1554","SUGAR11",2005,"UMCA",0,3,3
"1555","SUGAR11",2006,"UMCA",0,3,3
"1556","SUGAR11",2007,"UMCA",0,3,3
"1557","SUGAR11",2008,"UMCA",0,3,3
"1558","SUGAR11",2009,"UMCA",0,3,3
"1559","SUGAR11",2010,"UMCA",0,3,3
"1560","SUGAR11",2011,"UMCA",0,3,3
"1561","SUGAR11",2012,"UMCA",0,3,3
"1562","SUGAR11",2014,"UMCA",0,3,3
"1563","SUGAR12",2004,"UMCA",10,3,13
"1564","SUGAR12",2005,"UMCA",10,6,16
"1565","SUGAR12",2006,"UMCA",5,11,16
"1566","SUGAR12",2007,"UMCA",0,16,16
"1567","SUGAR12",2008,"UMCA",0,16,16
"1568","SUGAR12",2009,"UMCA",0,16,16
"1569","SUGAR12",2010,"UMCA",1,19,20
"1570","SUGAR12",2011,"UMCA",0,17,17
"1571","SUGAR12",2012,"UMCA",0,20,20
"1572","SUGAR12",2014,"UMCA",0,19,19
"1573","SUGAR13",2004,"UMCA",0,22,22
"1574","SUGAR13",2005,"UMCA",0,23,23
"1575","SUGAR13",2006,"UMCA",0,23,23
"1576","SUGAR13",2007,"UMCA",0,22,22
"1577","SUGAR13",2008,"UMCA",1,21,23
"1578","SUGAR13",2009,"UMCA",0,22,24
"1579","SUGAR13",2010,"UMCA",0,22,25
"1580","SUGAR13",2011,"UMCA",0,22,23
"1581","SUGAR13",2012,"UMCA",0,25,25
"1582","SUGAR13",2014,"UMCA",2,17,19
"1583","SUGAR15",2004,"UMCA",2,28,30
"1584","SUGAR15",2005,"UMCA",4,26,30
"1585","SUGAR15",2006,"UMCA",0,30,30
"1586","SUGAR15",2007,"UMCA",0,31,31
"1587","SUGAR15",2008,"UMCA",0,31,31
"1588","SUGAR15",2009,"UMCA",1,30,31
"1589","SUGAR15",2010,"UMCA",0,34,34
"1590","SUGAR15",2011,"UMCA",0,33,34
"1591","SUGAR15",2012,"UMCA",0,34,34
"1592","SUGAR15",2014,"UMCA",2,29,31
"1593","SUGAR16",2004,"UMCA",0,37,37
"1594","SUGAR16",2005,"UMCA",2,36,38
"1595","SUGAR16",2006,"UMCA",0,37,37
"1596","SUGAR16",2007,"UMCA",0,36,37
"1597","SUGAR16",2008,"UMCA",0,36,37
"1598","SUGAR16",2009,"UMCA",1,35,37
"1599","SUGAR16",2010,"UMCA",1,33,34
"1600","SUGAR16",2011,"UMCA",0,37,37
"1601","SUGAR16",2012,"UMCA",0,36,36
"1602","SUGAR16",2014,"UMCA",0,38,38
"1603","SUGAR17",2004,"UMCA",5,13,18
"1604","SUGAR17",2005,"UMCA",11,7,18
"1605","SUGAR17",2006,"UMCA",4,14,18
"1606","SUGAR17",2007,"UMCA",1,17,18
"1607","SUGAR17",2008,"UMCA",0,18,18
"1608","SUGAR17",2009,"UMCA",0,18,18
"1609","SUGAR17",2010,"UMCA",0,18,18
"1610","SUGAR17",2011,"UMCA",0,17,17
"1611","SUGAR17",2012,"UMCA",0,16,16
"1612","SUGAR17",2014,"UMCA",0,16,16
"1613","SUGAR18",2004,"UMCA",6,20,26
"1614","SUGAR18",2005,"UMCA",7,19,26
"1615","SUGAR18",2006,"UMCA",2,24,26
"1616","SUGAR18",2007,"UMCA",0,26,26
"1617","SUGAR18",2008,"UMCA",0,26,26
"1618","SUGAR18",2009,"UMCA",8,19,27
"1619","SUGAR18",2010,"UMCA",0,27,27
"1620","SUGAR18",2011,"UMCA",0,26,26
"1621","SUGAR18",2012,"UMCA",0,28,28
"1622","SUGAR18",2014,"UMCA",0,28,28
"1623","SUGAR19",2004,"UMCA",6,13,19
"1624","SUGAR19",2005,"UMCA",5,15,20
"1625","SUGAR19",2006,"UMCA",3,17,20
"1626","SUGAR19",2007,"UMCA",0,19,20
"1627","SUGAR19",2008,"UMCA",0,19,20
"1628","SUGAR19",2009,"UMCA",0,20,20
"1629","SUGAR19",2010,"UMCA",0,21,21
"1630","SUGAR19",2011,"UMCA",1,19,21
"1631","SUGAR19",2012,"UMCA",0,21,21
"1632","SUGAR19",2014,"UMCA",0,22,22
"1633","SUGAR21",2004,"UMCA",26,21,47
"1634","SUGAR21",2005,"UMCA",30,17,47
"1635","SUGAR21",2006,"UMCA",12,34,46
"1636","SUGAR21",2007,"UMCA",1,45,46
"1637","SUGAR21",2008,"UMCA",0,45,45
"1638","SUGAR21",2009,"UMCA",2,44,47
"1639","SUGAR21",2010,"UMCA",0,47,48
"1640","SUGAR21",2011,"UMCA",1,47,49
"1641","SUGAR21",2012,"UMCA",0,50,50
"1642","SUGAR21",2014,"UMCA",1,48,49
"1643","SUGAR23",2004,"UMCA",0,5,5
"1644","SUGAR23",2005,"UMCA",3,3,6
"1645","SUGAR23",2006,"UMCA",3,3,6
"1646","SUGAR23",2007,"UMCA",0,6,6
"1647","SUGAR23",2008,"UMCA",0,6,6
"1648","SUGAR23",2009,"UMCA",2,4,6
"1649","SUGAR23",2010,"UMCA",0,6,6
"1650","SUGAR23",2011,"UMCA",0,6,6
"1651","SUGAR23",2012,"UMCA",0,6,6
"1652","SUGAR23",2014,"UMCA",0,6,6
"1653","SUGAR30",2005,"UMCA",3,8,11
"1654","SUGAR30",2006,"UMCA",2,9,11
"1655","SUGAR30",2007,"UMCA",0,11,11
"1656","SUGAR30",2008,"UMCA",0,11,11
"1657","SUGAR30",2009,"UMCA",1,10,11
"1658","SUGAR30",2010,"UMCA",1,10,11
"1659","SUGAR30",2011,"UMCA",0,10,10
"1660","SUGAR30",2012,"UMCA",0,12,12
"1661","SUGAR30",2014,"UMCA",5,7,12
"1662","SUGAR31",2004,"UMCA",1,11,12
"1663","SUGAR31",2005,"UMCA",0,11,12
"1664","SUGAR31",2006,"UMCA",1,12,13
"1665","SUGAR31",2007,"UMCA",0,13,13
"1666","SUGAR31",2008,"UMCA",0,13,13
"1667","SUGAR31",2009,"UMCA",0,13,13
"1668","SUGAR31",2010,"UMCA",0,13,13
"1669","SUGAR31",2011,"UMCA",0,13,13
"1670","SUGAR31",2012,"UMCA",0,14,14
"1671","SUGAR31",2014,"UMCA",0,14,14
"1672","SUGAR32",2004,"UMCA",0,5,5
"1673","SUGAR32",2005,"UMCA",3,2,5
"1674","SUGAR32",2006,"UMCA",4,1,5
"1675","SUGAR32",2007,"UMCA",0,5,5
"1676","SUGAR32",2008,"UMCA",0,5,5
"1677","SUGAR32",2009,"UMCA",0,5,5
"1678","SUGAR32",2010,"UMCA",0,5,5
"1679","SUGAR32",2011,"UMCA",0,5,5
"1680","SUGAR32",2012,"UMCA",0,5,5
"1681","SUGAR32",2014,"UMCA",0,6,6
"1682","SUMTV02",2004,"UMCA",7,35,42
"1683","SUMTV02",2005,"UMCA",13,32,45
"1684","SUMTV02",2006,"UMCA",1,44,46
"1685","SVRP02",2004,"UMCA",1,2,3
"1686","SVRP02",2005,"UMCA",0,3,3
"1687","SVRP02",2006,"UMCA",2,1,3
"1688","SVRP02",2007,"UMCA",0,3,3
"1689","SVRP02",2008,"UMCA",0,3,3
"1690","SVRP02",2009,"UMCA",0,3,3
"1691","SVRP02",2010,"UMCA",0,3,3
"1692","SVRP02",2011,"UMCA",0,3,3
"1693","SVRP02",2012,"UMCA",0,3,3
"1694","SVRP02",2014,"UMCA",0,3,3
"1695","TELL02",2004,"UMCA",35,0,35
"1696","TELL02",2005,"UMCA",17,18,35
"1697","TELL02",2006,"UMCA",34,0,34
"1698","TELL02",2007,"UMCA",3,31,34
"1699","TELL02",2008,"UMCA",0,35,35
"1700","TELL02",2009,"UMCA",18,17,35
"1701","TELL02",2010,"UMCA",0,33,33
"1702","TELL02",2011,"UMCA",0,35,35
"1703","TELL02",2012,"UMCA",0,35,35
"1704","TELL02",2014,"UMCA",0,36,36
"1705","TELL04",2004,"UMCA",4,0,4
"1706","TELL04",2005,"UMCA",0,4,4
"1707","TELL04",2006,"UMCA",4,0,4
"1708","TELL04",2007,"UMCA",0,4,4
"1709","TELL04",2008,"UMCA",0,4,4
"1710","TELL04",2009,"UMCA",0,4,4
"1711","TELL04",2010,"UMCA",0,5,5
"1712","TELL04",2011,"UMCA",0,5,5
"1713","TELL04",2012,"UMCA",0,5,5
"1714","TELL04",2014,"UMCA",0,5,5
"1715","TERRI02",2004,"UMCA",3,21,24
"1716","TERRI02",2005,"UMCA",2,22,24
"1717","TERRI02",2006,"UMCA",0,22,24
"1718","TERRI02",2007,"UMCA",0,22,24
"1719","TERRI02",2008,"UMCA",0,21,23
"1720","TERRI02",2009,"UMCA",0,22,22
"1721","TERRI02",2010,"UMCA",0,23,23
"1722","TERRI02",2011,"UMCA",0,24,24
"1723","TERRI02",2012,"UMCA",0,24,24
"1724","TERRI02",2014,"UMCA",0,24,24
"1725","TERRI03",2011,"UMCA",0,1,1
"1726","TERRI03",2012,"UMCA",0,1,1
"1727","TERRI03",2014,"UMCA",0,1,1
"1728","VOTRU01",2004,"UMCA",2,5,7
"1729","VOTRU01",2005,"UMCA",2,5,7
"1730","VOTRU01",2006,"UMCA",1,8,9
"1731","VOTRU01",2007,"UMCA",0,9,9
"1732","VOTRU01",2008,"UMCA",0,9,9
"1733","VOTRU01",2009,"UMCA",0,9,9
"1734","VOTRU01",2010,"UMCA",0,10,10
"1735","VOTRU01",2011,"UMCA",0,10,10
"1736","WATKI01",2004,"UMCA",3,11,14
"1737","WATKI01",2005,"UMCA",2,14,16
"1738","WATKI01",2006,"UMCA",14,2,16
"1739","WATKI01",2007,"UMCA",0,16,16
"1740","WATKI01",2008,"UMCA",0,16,16
"1741","WATKI01",2009,"UMCA",0,16,16
"1742","WATKI01",2010,"UMCA",0,16,16
"1743","WATKI01",2011,"UMCA",0,16,16
"1744","WATKI01",2012,"UMCA",0,16,16
"1745","WATKI01",2014,"UMCA",0,17,17
"1746","YAHNG01",2004,"UMCA",1,4,5
"1747","YAHNG01",2005,"UMCA",0,5,5
"1748","YAHNG01",2006,"UMCA",0,5,5
"1749","YAHNG01",2007,"UMCA",0,5,5
"1750","YAHNG01",2008,"UMCA",0,5,5
"1751","YAHNG01",2009,"UMCA",0,5,5
"1752","YAHNG01",2010,"UMCA",0,5,5
"1753","YAHNG01",2011,"UMCA",0,5,5
"1754","YAHNG01",2012,"UMCA",0,5,5
"1755","YAHNG01",2014,"UMCA",0,5,5
"1756","YAHNG02",2004,"UMCA",0,1,1
"1757","YAHNG02",2005,"UMCA",0,1,1
"1758","YAHNG02",2006,"UMCA",0,1,1
"1759","YAHNG02",2007,"UMCA",0,1,1
"1760","YAHNG02",2008,"UMCA",0,1,1
"1761","YAHNG02",2009,"UMCA",0,1,1
"1762","YAHNG02",2010,"UMCA",0,0,1
"1763","YAHNG02",2011,"UMCA",0,1,1
"1764","YAHNG02",2012,"UMCA",0,1,1
"1765","YAHNG02",2014,"UMCA",0,1,1
"1766","YAHNG03",2004,"UMCA",0,6,6
"1767","YAHNG03",2005,"UMCA",0,6,6
"1768","YAHNG03",2006,"UMCA",0,7,7
"1769","YAHNG03",2007,"UMCA",0,7,7
"1770","YAHNG03",2008,"UMCA",0,7,7
"1771","YAHNG03",2009,"UMCA",0,7,7
"1772","YAHNG03",2010,"UMCA",0,7,7
"1773","YAHNG03",2011,"UMCA",0,7,7
"1774","YAHNG03",2012,"UMCA",0,7,7
"1775","YAHNG03",2014,"UMCA",0,8,8
"1776","ZEN01",2004,"UMCA",0,4,4
"1777","ZEN01",2005,"UMCA",1,3,4
"1778","ZEN01",2006,"UMCA",0,5,5
"1779","ZEN01",2007,"UMCA",0,5,5
"1780","ZEN01",2008,"UMCA",0,5,5
"1781","ZEN01",2009,"UMCA",0,5,5
"1782","ZEN01",2010,"UMCA",0,5,5
"1783","ZEN01",2011,"UMCA",0,5,5
"1784","ZEN01",2012,"UMCA",0,5,5
"1785","ZEN01",2014,"UMCA",0,5,5
"1786","ZEN02",2004,"UMCA",0,18,18
"1787","ZEN02",2005,"UMCA",1,17,18
"1788","ZEN02",2006,"UMCA",0,18,18
"1789","ZEN02",2007,"UMCA",1,17,18
"1790","ZEN02",2008,"UMCA",0,17,17
"1791","ZEN02",2009,"UMCA",0,18,18
"1792","ZEN02",2010,"UMCA",0,17,17
"1793","ZEN02",2011,"UMCA",0,18,18
"1794","ZEN02",2012,"UMCA",0,18,18
"1795","ZEN02",2014,"UMCA",0,18,18
